{
    "mistral-small": {
        "gt": "ſnade en in erem herren · vnde ſe brachten de ar",
        "response": "ſnade en im cremen herſen-vnde ſe brachten de ar",
        "wer": 45.45454545454545,
        "cer": 16.666666666666664,
        "accuracy": 87.5,
        "time": 1.3519349098205566
    },
    "gpt-4.1": {
        "gt": "ſnade en in erem herren · vnde ſe brachten de ar",
        "response": "ſnade en im eren herren · vnde ſe brachten de ar",
        "wer": 18.181818181818183,
        "cer": 4.166666666666666,
        "accuracy": 95.83333333333334,
        "time": 1.689896821975708
    },
    "gpt-4o": {
        "gt": "ſnade en in erem herren · vnde ſe brachten de ar",
        "response": "ſnade en im ewern hertzen · vnde ſie brachten de ar",
        "wer": 36.36363636363637,
        "cer": 14.583333333333334,
        "accuracy": 86.27450980392157,
        "time": 1.9492928981781006
    },
    "spotlight": {
        "gt": "ſnade en in erem herren · vnde ſe brachten de ar",
        "response": "f.nade en in crem herren·vnde se brachten de ar",
        "wer": 54.54545454545454,
        "cer": 12.5,
        "accuracy": 89.58333333333334,
        "time": 2.1923797130584717
    },
    "qwen-2.5-vl-72b": {
        "gt": "ſnade en in erem herren · vnde ſe brachten de ar",
        "response": "Inade en in crem herren·vnde le brachten de ar",
        "wer": 54.54545454545454,
        "cer": 10.416666666666668,
        "accuracy": 89.58333333333334,
        "time": 2.7759740352630615
    },
    "claude-4-sonnet": {
        "gt": "ſnade en in erem herren · vnde ſe brachten de ar",
        "response": "f.112 de en im erem herren · vnde ſe brachten de ar",
        "wer": 27.27272727272727,
        "cer": 14.583333333333334,
        "accuracy": 86.27450980392157,
        "time": 3.73301100730896
    },
    "claude-4-opus": {
        "gt": "ſnade en in erem herren · vnde ſe brachten de ar",
        "response": "ſ. nade en in eœm hetten · vnde ſe brachten de ar",
        "wer": 36.36363636363637,
        "cer": 12.5,
        "accuracy": 89.79591836734694,
        "time": 4.327701807022095
    },
    "llama-4-maverick-17b": {
        "gt": "ſnade en in erem herren · vnde ſe brachten de ar",
        "response": "ſnade en im crem herten. vnde ſe brachten de ac",
        "wer": 45.45454545454545,
        "cer": 12.5,
        "accuracy": 87.5,
        "time": 8.061404943466187
    }
}