{
    "mistral-small": {
        "gt": "hebbet is apenbare gheleſen voer my vñ vã",
        "response": "hebbet is apenbare gheleſen voer my vii va",
        "wer": 25.0,
        "cer": 7.317073170731707,
        "accuracy": 92.85714285714286,
        "time": 1.235978364944458
    },
    "spotlight": {
        "gt": "hebbet is apenbare gheleſen voer my vñ vã",
        "response": "hebbet is apenbare ghelesen voet my vn vã",
        "wer": 37.5,
        "cer": 7.317073170731707,
        "accuracy": 92.6829268292683,
        "time": 1.504974126815796
    },
    "gpt-4o": {
        "gt": "hebbet is apenbare gheleſen voer my vñ vã",
        "response": "hebbꝛt is apenbare ghelesen voer my vñ v⁀.",
        "wer": 37.5,
        "cer": 9.75609756097561,
        "accuracy": 90.47619047619048,
        "time": 2.0504441261291504
    },
    "gpt-4.1": {
        "gt": "hebbet is apenbare gheleſen voer my vñ vã",
        "response": "hebbet is apenbare gheleſen voer my vñ va",
        "wer": 12.5,
        "cer": 2.4390243902439024,
        "accuracy": 97.5609756097561,
        "time": 2.328840970993042
    },
    "claude-4-sonnet": {
        "gt": "hebbet is apenbare gheleſen voer my vñ vã",
        "response": "hebber is apenbare gheleſen voer my vri vā",
        "wer": 37.5,
        "cer": 9.75609756097561,
        "accuracy": 90.47619047619048,
        "time": 3.141400098800659
    },
    "claude-4-opus": {
        "gt": "hebbet is apenbare gheleſen voer my vñ vã",
        "response": "hebber is apenbare gheleſen voer my nñ vã",
        "wer": 25.0,
        "cer": 4.878048780487805,
        "accuracy": 95.1219512195122,
        "time": 3.7069759368896484
    },
    "qwen-2.5-vl-72b": {
        "gt": "hebbet is apenbare gheleſen voer my vñ vã",
        "response": "hebbet is apenbare ghelesen voet my vñ vã",
        "wer": 25.0,
        "cer": 4.878048780487805,
        "accuracy": 95.1219512195122,
        "time": 3.709197759628296
    },
    "llama-4-maverick-17b": {
        "gt": "hebbet is apenbare gheleſen voer my vñ vã",
        "response": "hebbet is apenbare ghelesen voet my vñ vã",
        "wer": 25.0,
        "cer": 4.878048780487805,
        "accuracy": 95.1219512195122,
        "time": 9.957464933395386
    }
}