{
    "mistral-small": {
        "gt": "Men de ſone yſrahel preſtere vnde leuiten vñ",
        "response": "Men de fone yſrahel proſtere vnſe leuiten vſi",
        "wer": 50.0,
        "cer": 11.363636363636363,
        "accuracy": 88.88888888888889,
        "time": 1.2457122802734375
    },
    "spotlight": {
        "gt": "Men de ſone yſrahel preſtere vnde leuiten vñ",
        "response": "Men de fone pſrahel prestere vnde leuiten vn",
        "wer": 50.0,
        "cer": 9.090909090909092,
        "accuracy": 90.9090909090909,
        "time": 1.3042559623718262
    },
    "gpt-4.1": {
        "gt": "Men de ſone yſrahel preſtere vnde leuiten vñ",
        "response": "Men de ſone iſrahel prieſter vnde leuiten vi⁀",
        "wer": 37.5,
        "cer": 11.363636363636363,
        "accuracy": 91.11111111111111,
        "time": 2.185551166534424
    },
    "gpt-4o": {
        "gt": "Men de ſone yſrahel preſtere vnde leuiten vñ",
        "response": "Men de ſone Iſrahel preſtew vnde leuiten vii",
        "wer": 37.5,
        "cer": 11.363636363636363,
        "accuracy": 90.9090909090909,
        "time": 2.533437967300415
    },
    "llama-4-maverick-17b": {
        "gt": "Men de ſone yſrahel preſtere vnde leuiten vñ",
        "response": "Men de fone pſrahel præftere vñe leuiten vn",
        "wer": 62.5,
        "cer": 15.909090909090908,
        "accuracy": 84.0909090909091,
        "time": 2.5755181312561035
    },
    "claude-4-sonnet": {
        "gt": "Men de ſone yſrahel preſtere vnde leuiten vñ",
        "response": "Men de ſone yſrahel praſtere vnde leuiten vñ",
        "wer": 12.5,
        "cer": 2.272727272727273,
        "accuracy": 97.72727272727273,
        "time": 2.795628786087036
    },
    "qwen-2.5-vl-72b": {
        "gt": "Men de ſone yſrahel preſtere vnde leuiten vñ",
        "response": "Men de fone yſrahel preſtere vnde leuiten vſ",
        "wer": 25.0,
        "cer": 4.545454545454546,
        "accuracy": 95.45454545454545,
        "time": 3.287623167037964
    },
    "claude-4-opus": {
        "gt": "Men de ſone yſrahel preſtere vnde leuiten vñ",
        "response": "Men de ſone pſtabel paſtere vnde leuĩden vñ",
        "wer": 37.5,
        "cer": 15.909090909090908,
        "accuracy": 84.0909090909091,
        "time": 3.902358055114746
    }
}