{
    "llama-4-maverick-17b": {
        "gt": "mert vnde hadden vor\u017fpoet na der propheci\u1ebd",
        "response": "mert vnde hadden voertpoet na der prophede\u0304",
        "wer": 28.57142857142857,
        "cer": 11.904761904761903,
        "accuracy": 88.37209302325581,
        "time": 2.1219358444213867
    },
    "mistral-small": {
        "gt": "mert vnde hadden vor\u017fpoet na der propheci\u1ebd",
        "response": "mert vnde hadden vorspoet na der prophete",
        "wer": 28.57142857142857,
        "cer": 9.523809523809524,
        "accuracy": 90.47619047619048,
        "time": 1.3922653198242188
    },
    "spotlight": {
        "gt": "mert vnde hadden vor\u017fpoet na der propheci\u1ebd",
        "response": "mert vnde hadden vorspoet na der proph\u00e9di",
        "wer": 28.57142857142857,
        "cer": 9.523809523809524,
        "accuracy": 90.47619047619048,
        "time": 1.4331610202789307
    },
    "gpt-4.1": {
        "gt": "mert vnde hadden vor\u017fpoet na der propheci\u1ebd",
        "response": "mert vnde hadden vor\u017fpoet na der prophecie",
        "wer": 14.285714285714285,
        "cer": 2.380952380952381,
        "accuracy": 97.61904761904762,
        "time": 2.156871795654297
    },
    "qwen-2.5-vl-72b": {
        "gt": "mert vnde hadden vor\u017fpoet na der propheci\u1ebd",
        "response": "mert vnde hadden vor\u017fpoet na der prophedie",
        "wer": 14.285714285714285,
        "cer": 4.761904761904762,
        "accuracy": 95.23809523809523,
        "time": 3.3860528469085693
    },
    "claude-4-sonnet": {
        "gt": "mert vnde hadden vor\u017fpoet na der propheci\u1ebd",
        "response": "merr vnde hadden vor\u017fpoct na der prophecie",
        "wer": 42.857142857142854,
        "cer": 7.142857142857142,
        "accuracy": 92.85714285714286,
        "time": 3.139859914779663
    },
    "claude-4-opus": {
        "gt": "mert vnde hadden vor\u017fpoet na der propheci\u1ebd",
        "response": "mert vnde hadden vor\u017fpoet na der prophec\u00ede",
        "wer": 14.285714285714285,
        "cer": 4.761904761904762,
        "accuracy": 95.23809523809523,
        "time": 3.447359085083008
    },
    "gpt-4o": {
        "gt": "mert vnde hadden vor\u017fpoet na der propheci\u1ebd",
        "response": "mert unde hadden vor\u017fpoet nader propheti\u1ebd",
        "wer": 57.14285714285714,
        "cer": 7.142857142857142,
        "accuracy": 92.85714285714286,
        "time": 2.166712999343872
    },
    "gpt-5-mini": {
        "gt": "mert vnde hadden vor\u017fpoet na der propheci\u1ebd",
        "response": "mert vnde hadden vor\u017fpot na der prophe\u010be",
        "wer": 28.57142857142857,
        "cer": 9.523809523809524,
        "accuracy": 90.47619047619048,
        "time": 17.416601181030273
    },
    "gpt-5": {
        "gt": "mert vnde hadden vor\u017fpoet na der propheci\u1ebd",
        "response": "mert vnde hadden vor\u017fpoet na der propheci\u00e9",
        "wer": 14.285714285714285,
        "cer": 2.380952380952381,
        "accuracy": 97.61904761904762,
        "time": 66.739333152771
    },
    "glm-4.5v": {
        "gt": "mert vnde hadden vor\u017fpoet na der propheci\u1ebd",
        "response": "mert vnde hadden vorfpoet",
        "wer": 57.14285714285714,
        "cer": 42.857142857142854,
        "accuracy": 57.14285714285714,
        "time": 14.759611129760742
    },
    "gemini-2.5-flash": {
        "gt": "mert vnde hadden vor\u017fpoet na der propheci\u1ebd",
        "response": "mert rude hadden von\u017fpoet na der prophe\u017fede\u0301",
        "wer": 42.857142857142854,
        "cer": 19.047619047619047,
        "accuracy": 81.81818181818183,
        "time": 4.395563125610352
    },
    "mistral-medium-3.1": {
        "gt": "mert vnde hadden vor\u017fpoet na der propheci\u1ebd",
        "response": "mert vnde hatten vor\u017fpoet na der prophed\u00e9",
        "wer": 28.57142857142857,
        "cer": 11.904761904761903,
        "accuracy": 88.09523809523809,
        "time": 1.2093219757080078
    },
    "ernie-4.5-vl-28b-a3b": {
        "gt": "mert vnde hadden vor\u017fpoet na der propheci\u1ebd",
        "response": "mert vn\u0304de hadden vorspoet na der prophede\u0304",
        "wer": 42.857142857142854,
        "cer": 11.904761904761903,
        "accuracy": 88.37209302325581,
        "time": 2.463932752609253
    }
}