{
    "mistral-small": {
        "gt": "ſone ſchall alle weghe broet etten vppe myner",
        "response": "ſone ſchall alle weghen broet etten vppe mynet",
        "wer": 25.0,
        "cer": 4.444444444444445,
        "accuracy": 95.65217391304348,
        "time": 1.2356560230255127
    },
    "spotlight": {
        "gt": "ſone ſchall alle weghe broet etten vppe myner",
        "response": "fonde ſchall alle weghe broet etten vppe mynne",
        "wer": 25.0,
        "cer": 8.88888888888889,
        "accuracy": 93.47826086956522,
        "time": 1.275691032409668
    },
    "gpt-4.1": {
        "gt": "ſone ſchall alle weghe broet etten vppe myner",
        "response": "ſone ſchall alle weghc broet eten · vppe mynct",
        "wer": 50.0,
        "cer": 13.333333333333334,
        "accuracy": 89.13043478260869,
        "time": 1.8054521083831787
    },
    "gpt-4o": {
        "gt": "ſone ſchall alle weghe broet etten vppe myner",
        "response": "ſone ſchall alle weyhe bᴉoet etten . vppe mynret",
        "wer": 50.0,
        "cer": 13.333333333333334,
        "accuracy": 87.5,
        "time": 1.8290388584136963
    },
    "qwen-2.5-vl-72b": {
        "gt": "ſone ſchall alle weghe broet etten vppe myner",
        "response": "foneſchall alle weghe broet etten·vppemynet",
        "wer": 62.5,
        "cer": 11.11111111111111,
        "accuracy": 88.88888888888889,
        "time": 2.9767260551452637
    },
    "claude-4-sonnet": {
        "gt": "ſone ſchall alle weghe broet etten vppe myner",
        "response": "ſone ſchall alle weghe brooꝺ etten· vppe mynet",
        "wer": 37.5,
        "cer": 8.88888888888889,
        "accuracy": 91.30434782608695,
        "time": 3.1146039962768555
    },
    "claude-4-opus": {
        "gt": "ſone ſchall alle weghe broet etten vppe myner",
        "response": "ſonẽ ſchall alle weghe broot etten · vꝑe mynet",
        "wer": 62.5,
        "cer": 15.555555555555555,
        "accuracy": 86.95652173913044,
        "time": 3.9879939556121826
    },
    "llama-4-maverick-17b": {
        "gt": "ſone ſchall alle weghe broet etten vppe myner",
        "response": "fonſt fchall alle wege broet etten vppe mynet",
        "wer": 50.0,
        "cer": 13.333333333333334,
        "accuracy": 88.88888888888889,
        "time": 9.830999851226807
    }
}