{
    "mistral-small": {
        "gt": "\u017fone \u017fchall alle weghe broet etten vppe myner",
        "response": "\u017fone \u017fchall alle weghen broet etten vppe mynet",
        "wer": 25.0,
        "cer": 4.444444444444445,
        "accuracy": 95.65217391304348,
        "time": 1.2356560230255127
    },
    "spotlight": {
        "gt": "\u017fone \u017fchall alle weghe broet etten vppe myner",
        "response": "fonde \u017fchall alle weghe broet etten vppe mynne",
        "wer": 25.0,
        "cer": 8.88888888888889,
        "accuracy": 93.47826086956522,
        "time": 1.275691032409668
    },
    "gpt-4.1": {
        "gt": "\u017fone \u017fchall alle weghe broet etten vppe myner",
        "response": "\u017fone \u017fchall alle weghc broet eten \u00b7 vppe mynct",
        "wer": 50.0,
        "cer": 13.333333333333334,
        "accuracy": 89.13043478260869,
        "time": 1.8054521083831787
    },
    "gpt-4o": {
        "gt": "\u017fone \u017fchall alle weghe broet etten vppe myner",
        "response": "\u017fone \u017fchall alle weyhe b\u1d09oet etten . vppe mynret",
        "wer": 50.0,
        "cer": 13.333333333333334,
        "accuracy": 87.5,
        "time": 1.8290388584136963
    },
    "qwen-2.5-vl-72b": {
        "gt": "\u017fone \u017fchall alle weghe broet etten vppe myner",
        "response": "fone\u017fchall alle weghe broet etten\u00b7vppemynet",
        "wer": 62.5,
        "cer": 11.11111111111111,
        "accuracy": 88.88888888888889,
        "time": 2.9767260551452637
    },
    "claude-4-sonnet": {
        "gt": "\u017fone \u017fchall alle weghe broet etten vppe myner",
        "response": "\u017fone \u017fchall alle weghe broo\ua77a etten\u00b7 vppe mynet",
        "wer": 37.5,
        "cer": 8.88888888888889,
        "accuracy": 91.30434782608695,
        "time": 3.1146039962768555
    },
    "claude-4-opus": {
        "gt": "\u017fone \u017fchall alle weghe broet etten vppe myner",
        "response": "\u017fon\u1ebd \u017fchall alle weghe broot etten \u00b7 v\ua751e mynet",
        "wer": 62.5,
        "cer": 15.555555555555555,
        "accuracy": 86.95652173913044,
        "time": 3.9879939556121826
    },
    "llama-4-maverick-17b": {
        "gt": "\u017fone \u017fchall alle weghe broet etten vppe myner",
        "response": "fon\u017ft fchall alle wege broet etten vppe mynet",
        "wer": 50.0,
        "cer": 13.333333333333334,
        "accuracy": 88.88888888888889,
        "time": 9.830999851226807
    },
    "gpt-5-mini": {
        "gt": "\u017fone \u017fchall alle weghe broet etten vppe myner",
        "response": "\u017fone \u017fchall alle weyhe broet eten: vpp\u00e6 mynnet",
        "wer": 50.0,
        "cer": 13.333333333333334,
        "accuracy": 89.13043478260869,
        "time": 23.580963850021362
    },
    "gpt-5": {
        "gt": "\u017fone \u017fchall alle weghe broet etten vppe myner",
        "response": "\u017fone \u017fchall alle wegh e broet etten \u00b7 vppe myn ret",
        "wer": 62.5,
        "cer": 13.333333333333334,
        "accuracy": 88.0,
        "time": 93.46788811683655
    },
    "glm-4.5v": {
        "gt": "\u017fone \u017fchall alle weghe broet etten vppe myner",
        "response": "fonie\u017fchall alle weghe boot etten\u00b7vippe mpnet",
        "wer": 75.0,
        "cer": 20.0,
        "accuracy": 84.44444444444444,
        "time": 5.189877033233643
    },
    "gemini-2.5-flash": {
        "gt": "\u017fone \u017fchall alle weghe broet etten vppe myner",
        "response": "fon\u017fchal alle weghe brot etten. vpp\u017f mynet",
        "wer": 75.0,
        "cer": 17.77777777777778,
        "accuracy": 84.44444444444444,
        "time": 8.130985260009766
    },
    "mistral-medium-3.1": {
        "gt": "\u017fone \u017fchall alle weghe broet etten vppe myner",
        "response": "\u017foic \u017fchall alle wegh\u00e9 broet etten vppe m\u00fdnet",
        "wer": 37.5,
        "cer": 11.11111111111111,
        "accuracy": 88.88888888888889,
        "time": 1.248427152633667
    },
    "ernie-4.5-vl-28b-a3b": {
        "gt": "\u017fone \u017fchall alle weghe broet etten vppe myner",
        "response": "sonche all\u25a1 alleweghe broet etten vipe mynet",
        "wer": 75.0,
        "cer": 22.22222222222222,
        "accuracy": 84.44444444444444,
        "time": 2.0894668102264404
    },
    "cogito-v2-109b": {
        "gt": "\u017fone \u017fchall alle weghe broet etten vppe myner",
        "response": "fonie\u017fchallaSlemegheaders \nbroetetten:opkemyneet",
        "wer": 100.0,
        "cer": 44.44444444444444,
        "accuracy": 68.75,
        "time": 1.8936550617218018
    },
    "qwen3-vl-235b-instruct": {
        "gt": "\u017fone \u017fchall alle weghe broet etten vppe myner",
        "response": "fon\u0113 \u017fchall alle wegh\u0113 broet etten \u00b7 vppe mynet",
        "wer": 50.0,
        "cer": 13.333333333333334,
        "accuracy": 87.2340425531915,
        "time": 2.379570960998535
    }
}