{
    "llama-4-maverick-17b": {
        "gt": "vñ lete ſe los gã · vñ als dat gebatſcopt wart",
        "response": "vñ lоте fe los gā.ri i als dat gebatſcop wart",
        "wer": 54.54545454545454,
        "cer": 23.91304347826087,
        "accuracy": 78.26086956521739,
        "time": 1.0503051280975342
    },
    "mistral-small": {
        "gt": "vñ lete ſe los gã · vñ als dat gebatſcopt wart",
        "response": "vñ lote ſe los gã-rñ als dat gebatſcop wart",
        "wer": 45.45454545454545,
        "cer": 13.043478260869565,
        "accuracy": 86.95652173913044,
        "time": 1.2406070232391357
    },
    "spotlight": {
        "gt": "vñ lete ſe los gã · vñ als dat gebatſcopt wart",
        "response": "vñ lote sc los gã-ñi als dat gebatscupt wart",
        "wer": 54.54545454545454,
        "cer": 21.73913043478261,
        "accuracy": 80.43478260869566,
        "time": 1.2556569576263428
    },
    "gpt-4.1": {
        "gt": "vñ lete ſe los gã · vñ als dat gebatſcopt wart",
        "response": "vn lobe ſelos gâ·vn als dat gebatſcopit wart",
        "wer": 72.72727272727273,
        "cer": 19.565217391304348,
        "accuracy": 82.6086956521739,
        "time": 1.6996419429779053
    },
    "gpt-4o": {
        "gt": "vñ lete ſe los gã · vñ als dat gebatſcopt wart",
        "response": "vnſeſe lob gā vñ als dat gebarket wart",
        "wer": 63.63636363636363,
        "cer": 32.608695652173914,
        "accuracy": 67.3913043478261,
        "time": 1.944577932357788
    },
    "qwen-2.5-vl-72b": {
        "gt": "vñ lete ſe los gã · vñ als dat gebatſcopt wart",
        "response": "vni fete ſe los ga·vn als dat gebatſcopt wart",
        "wer": 45.45454545454545,
        "cer": 15.217391304347828,
        "accuracy": 86.95652173913044,
        "time": 3.077955961227417
    },
    "claude-4-sonnet": {
        "gt": "vñ lete ſe los gã · vñ als dat gebatſcopt wart",
        "response": "vñ lotz ſc loz gã·vñ alz dar gebatſcopt wart",
        "wer": 72.72727272727273,
        "cer": 17.391304347826086,
        "accuracy": 82.6086956521739,
        "time": 3.1243298053741455
    },
    "claude-4-opus": {
        "gt": "vñ lete ſe los gã · vñ als dat gebatſcopt wart",
        "response": "vñ lote ſe los gã · vñ als dar gebarſcopr warr",
        "wer": 36.36363636363637,
        "cer": 10.869565217391305,
        "accuracy": 89.13043478260869,
        "time": 4.263911962509155
    }
}