{
    "mistral-small": {
        "gt": "vnde ſyba ſede deme konynge Ja daer is noch",
        "response": "vnde ſpōa ſede deme konynge ſa daer is noch",
        "wer": 22.22222222222222,
        "cer": 6.976744186046512,
        "accuracy": 93.02325581395348,
        "time": 1.2784368991851807
    },
    "spotlight": {
        "gt": "vnde ſyba ſede deme konynge Ja daer is noch",
        "response": "vnde syda fede deme konyngc Ja daer is noch",
        "wer": 33.33333333333333,
        "cer": 9.30232558139535,
        "accuracy": 90.69767441860465,
        "time": 1.5477020740509033
    },
    "gpt-4.1": {
        "gt": "vnde ſyba ſede deme konynge Ja daer is noch",
        "response": "vnde ſhoa ſede deme konynge Ia daer is noch",
        "wer": 22.22222222222222,
        "cer": 6.976744186046512,
        "accuracy": 93.02325581395348,
        "time": 1.7453110218048096
    },
    "gpt-4o": {
        "gt": "vnde ſyba ſede deme konynge Ja daer is noch",
        "response": "vnde ſboa ſede deme konynge Ja daer is noch",
        "wer": 11.11111111111111,
        "cer": 4.651162790697675,
        "accuracy": 97.67441860465115,
        "time": 1.8355669975280762
    },
    "qwen-2.5-vl-72b": {
        "gt": "vnde ſyba ſede deme konynge Ja daer is noch",
        "response": "vnde lyda ſede deme konynge Ia daer is noch",
        "wer": 22.22222222222222,
        "cer": 6.976744186046512,
        "accuracy": 93.02325581395348,
        "time": 3.1808362007141113
    },
    "claude-4-sonnet": {
        "gt": "vnde ſyba ſede deme konynge Ja daer is noch",
        "response": "vnde ſpꝺa ſeде deme konynge Ja daer is noch",
        "wer": 22.22222222222222,
        "cer": 9.30232558139535,
        "accuracy": 90.69767441860465,
        "time": 3.46087384223938
    },
    "claude-4-opus": {
        "gt": "vnde ſyba ſede deme konynge Ja daer is noch",
        "response": "vnde ſpꝛa ſede deme konynge Ja daer is noch",
        "wer": 11.11111111111111,
        "cer": 4.651162790697675,
        "accuracy": 95.34883720930233,
        "time": 4.42144513130188
    },
    "llama-4-maverick-17b": {
        "gt": "vnde ſyba ſede deme konynge Ja daer is noch",
        "response": "vnde fẙa fede deme konynge Jt daer is noch",
        "wer": 33.33333333333333,
        "cer": 9.30232558139535,
        "accuracy": 90.69767441860465,
        "time": 8.73450517654419
    }
}