{
    "llama-4-maverick-17b": {
        "gt": "vñ van der tymmeringe des tempels · vnde vã",
        "response": "vñ van der tymmeringe des tempels. vñ van",
        "wer": 44.44444444444444,
        "cer": 16.27906976744186,
        "accuracy": 86.04651162790698,
        "time": 0.8510231971740723
    },
    "mistral-small": {
        "gt": "vñ van der tymmeringe des tempels · vnde vã",
        "response": "vñ van der tymmeringe des tempels-vnde vã",
        "wer": 33.33333333333333,
        "cer": 6.976744186046512,
        "accuracy": 93.02325581395348,
        "time": 1.0068128108978271
    },
    "spotlight": {
        "gt": "vñ van der tymmeringe des tempels · vnde vã",
        "response": "vñ van der tymmeringe des tempels vn de vā",
        "wer": 33.33333333333333,
        "cer": 9.30232558139535,
        "accuracy": 93.02325581395348,
        "time": 1.1985509395599365
    },
    "gpt-4o": {
        "gt": "vñ van der tymmeringe des tempels · vnde vã",
        "response": "vñ van der tymmeringe des tempels: unde vā",
        "wer": 44.44444444444444,
        "cer": 9.30232558139535,
        "accuracy": 90.69767441860465,
        "time": 2.044304132461548
    },
    "gpt-4.1": {
        "gt": "vñ van der tymmeringe des tempels · vnde vã",
        "response": "vñ van der tymmeringe des tempels. vnde vā",
        "wer": 33.33333333333333,
        "cer": 6.976744186046512,
        "accuracy": 93.02325581395348,
        "time": 2.0585179328918457
    },
    "claude-4-sonnet": {
        "gt": "vñ van der tymmeringe des tempels · vnde vã",
        "response": "vñ van der tymmering des tempels. vnde va",
        "wer": 44.44444444444444,
        "cer": 9.30232558139535,
        "accuracy": 90.69767441860465,
        "time": 2.823673963546753
    },
    "qwen-2.5-vl-72b": {
        "gt": "vñ van der tymmeringe des tempels · vnde vã",
        "response": "ýn van der tymmeringe des tempels·vnde vā",
        "wer": 55.55555555555556,
        "cer": 11.627906976744185,
        "accuracy": 88.37209302325581,
        "time": 3.0924549102783203
    },
    "claude-4-opus": {
        "gt": "vñ van der tymmeringe des tempels · vnde vã",
        "response": "pñ van der tymmeringe des tempels. vnde vā",
        "wer": 44.44444444444444,
        "cer": 9.30232558139535,
        "accuracy": 90.69767441860465,
        "time": 3.978991985321045
    }
}