{
    "mistral-small": {
        "gt": "idel ſin: mer de hyllyge ſchrifft is vitwendych",
        "response": "[del fin:mer de hyllyge ſchrift is vitwendych]",
        "wer": 62.5,
        "cer": 10.638297872340425,
        "accuracy": 91.48936170212765,
        "time": 1.3124120235443115
    },
    "spotlight": {
        "gt": "idel ſin: mer de hyllyge ſchrifft is vitwendych",
        "response": "i̍del fin:mer de hyly ge schrift is vitwendych",
        "wer": 75.0,
        "cer": 14.893617021276595,
        "accuracy": 89.36170212765957,
        "time": 1.3403139114379883
    },
    "gpt-4.1": {
        "gt": "idel ſin: mer de hyllyge ſchrifft is vitwendych",
        "response": "jdel ſin:mer de hylyge ſchrifft is vſtwendyſch",
        "wer": 62.5,
        "cer": 10.638297872340425,
        "accuracy": 91.48936170212765,
        "time": 1.7154669761657715
    },
    "gpt-4o": {
        "gt": "idel ſin: mer de hyllyge ſchrifft is vitwendych",
        "response": "Jdel ſin:mer de hyllÿge ſchrifft is vtrwendych",
        "wer": 62.5,
        "cer": 10.638297872340425,
        "accuracy": 91.48936170212765,
        "time": 2.03535532951355
    },
    "qwen-2.5-vl-72b": {
        "gt": "idel ſin: mer de hyllyge ſchrifft is vitwendych",
        "response": "idel fin:mer de hylligecſchrift is vitwendych",
        "wer": 50.0,
        "cer": 10.638297872340425,
        "accuracy": 89.36170212765957,
        "time": 2.964754819869995
    },
    "claude-4-sonnet": {
        "gt": "idel ſin: mer de hyllyge ſchrifft is vitwendych",
        "response": "Joci ſin:mer de byllyge ſchrifft is vutwendych",
        "wer": 62.5,
        "cer": 14.893617021276595,
        "accuracy": 87.2340425531915,
        "time": 3.2627110481262207
    },
    "claude-4-opus": {
        "gt": "idel ſin: mer de hyllyge ſchrifft is vitwendych",
        "response": "ſdel ſin: mer ðe hyllyge ſchrift is vutwendych",
        "wer": 50.0,
        "cer": 8.51063829787234,
        "accuracy": 91.48936170212765,
        "time": 4.357756853103638
    },
    "llama-4-maverick-17b": {
        "gt": "idel ſin: mer de hyllyge ſchrifft is vitwendych",
        "response": "iſel fin:mer de hylpge fchrifft is vtrwendych",
        "wer": 75.0,
        "cer": 17.02127659574468,
        "accuracy": 85.1063829787234,
        "time": 10.903536319732666
    }
}