{
    "mistral-small": {
        "gt": "\u017feet voer dem begyn E\u017fdre",
        "response": "\u017fect voer dem begyn E\u017fdre",
        "wer": 20.0,
        "cer": 4.0,
        "accuracy": 96.0,
        "time": 1.2717809677124023
    },
    "gpt-4.1": {
        "gt": "\u017feet voer dem begyn E\u017fdre",
        "response": "\u017fet voer din be\u017fyn El\u017fdre",
        "wer": 80.0,
        "cer": 20.0,
        "accuracy": 84.0,
        "time": 1.460721731185913
    },
    "spotlight": {
        "gt": "\u017feet voer dem begyn E\u017fdre",
        "response": "\u017fect voer dein begyn El dre",
        "wer": 80.0,
        "cer": 20.0,
        "accuracy": 81.48148148148148,
        "time": 1.5270981788635254
    },
    "gpt-4o": {
        "gt": "\u017feet voer dem begyn E\u017fdre",
        "response": "\u017feet voer \u017fin be\u017fyn E\u017fdre",
        "wer": 40.0,
        "cer": 16.0,
        "accuracy": 84.0,
        "time": 1.7175438404083252
    },
    "qwen-2.5-vl-72b": {
        "gt": "\u017feet voer dem begyn E\u017fdre",
        "response": "Seet voer dem begyn Eldre",
        "wer": 40.0,
        "cer": 8.0,
        "accuracy": 92.0,
        "time": 2.7613320350646973
    },
    "claude-4-sonnet": {
        "gt": "\u017feet voer dem begyn E\u017fdre",
        "response": "\u017fect voet dein begyn E\u017f dore",
        "wer": 100.0,
        "cer": 24.0,
        "accuracy": 78.57142857142857,
        "time": 3.4732611179351807
    },
    "claude-4-opus": {
        "gt": "\u017feet voer dem begyn E\u017fdre",
        "response": "\u017feer voer dem begyn E\u017ft dre",
        "wer": 60.0,
        "cer": 12.0,
        "accuracy": 88.88888888888889,
        "time": 3.4941458702087402
    },
    "llama-4-maverick-17b": {
        "gt": "\u017feet voer dem begyn E\u017fdre",
        "response": "\u017fect voer \u1e8b\u0131n begyn E\u017fdre",
        "wer": 40.0,
        "cer": 16.0,
        "accuracy": 84.0,
        "time": 8.625846147537231
    },
    "gpt-5-mini": {
        "gt": "\u017feet voer dem begyn E\u017fdre",
        "response": "\u017fet voer den begyn E\u017fdre",
        "wer": 40.0,
        "cer": 8.0,
        "accuracy": 92.0,
        "time": 13.74213695526123
    },
    "gpt-5": {
        "gt": "\u017feet voer dem begyn E\u017fdre",
        "response": "\u017fiet voer den begyn E\u017fdre",
        "wer": 40.0,
        "cer": 8.0,
        "accuracy": 92.0,
        "time": 28.1296808719635
    },
    "glm-4.5v": {
        "gt": "\u017feet voer dem begyn E\u017fdre",
        "response": "\u017fect voer \u00f0in begyn Eldre",
        "wer": 60.0,
        "cer": 20.0,
        "accuracy": 80.0,
        "time": 5.84080171585083
    },
    "gemini-2.5-flash": {
        "gt": "\u017feet voer dem begyn E\u017fdre",
        "response": "\u017fet voer den begyn E\u00df dre",
        "wer": 80.0,
        "cer": 16.0,
        "accuracy": 88.0,
        "time": 8.719839811325073
    },
    "mistral-medium-3.1": {
        "gt": "\u017feet voer dem begyn E\u017fdre",
        "response": "\u017fect voer dem begyn El\u017fdre",
        "wer": 40.0,
        "cer": 8.0,
        "accuracy": 92.3076923076923,
        "time": 1.1651389598846436
    },
    "ernie-4.5-vl-28b-a3b": {
        "gt": "\u017feet voer dem begyn E\u017fdre",
        "response": "\u017fect voer \u0111\u00e8n beg\u00fdn \u0190\u0455\u00f0\u00ea",
        "wer": 80.0,
        "cer": 40.0,
        "accuracy": 60.0,
        "time": 2.1400842666625977
    },
    "cogito-v2-109b": {
        "gt": "\u017feet voer dem begyn E\u017fdre",
        "response": "fct voer d\u0131n be\u01a3yn Gfdre",
        "wer": 80.0,
        "cer": 32.0,
        "accuracy": 68.0,
        "time": 2.0280346870422363
    },
    "qwen3-vl-235b-instruct": {
        "gt": "\u017feet voer dem begyn E\u017fdre",
        "response": "\u017fect voer win begyn E\u017fdre",
        "wer": 40.0,
        "cer": 16.0,
        "accuracy": 84.0,
        "time": 1.6113758087158203
    }
}