{
    "spotlight": {
        "gt": "zer dat ſe vorwonnen weren van yſrahelſe vnt",
        "response": "zer dat se voorwonnen weren van yfrahel se vnt",
        "wer": 50.0,
        "cer": 11.363636363636363,
        "accuracy": 89.13043478260869,
        "time": 1.3840460777282715
    },
    "gpt-4.1": {
        "gt": "zer dat ſe vorwonnen weren van yſrahelſe vnt",
        "response": "zer dat ſe voſtwonnen weren van yfrael ſe vnt",
        "wer": 37.5,
        "cer": 11.363636363636363,
        "accuracy": 91.11111111111111,
        "time": 1.7831852436065674
    },
    "gpt-4o": {
        "gt": "zer dat ſe vorwonnen weren van yſrahelſe vnt",
        "response": "ger dat ſe vorſwonnen weren van Iſrahel ſe vnt",
        "wer": 50.0,
        "cer": 9.090909090909092,
        "accuracy": 91.30434782608695,
        "time": 2.581545352935791
    },
    "qwen-2.5-vl-72b": {
        "gt": "zer dat ſe vorwonnen weren van yſrahelſe vnt",
        "response": "zer dat ſe vorwonnen weren van yſrael ſe vnt",
        "wer": 25.0,
        "cer": 4.545454545454546,
        "accuracy": 97.72727272727273,
        "time": 3.3240623474121094
    },
    "mistral-small": {
        "gt": "zer dat ſe vorwonnen weren van yſrahelſe vnt",
        "response": "zet dat ſe voervonnen waren van pfrahelſe vnt",
        "wer": 50.0,
        "cer": 13.636363636363635,
        "accuracy": 86.66666666666667,
        "time": 3.5330522060394287
    },
    "claude-4-sonnet": {
        "gt": "zer dat ſe vorwonnen weren van yſrahelſe vnt",
        "response": "3et dat ſe voo2wonnen weren van pſrahel ſe vnt",
        "wer": 50.0,
        "cer": 13.636363636363635,
        "accuracy": 86.95652173913044,
        "time": 3.572782039642334
    },
    "claude-4-opus": {
        "gt": "zer dat ſe vorwonnen weren van yſrahelſe vnt",
        "response": "zer dat ſe voꝛwonnen weren van pſrabelſe vnt",
        "wer": 25.0,
        "cer": 6.8181818181818175,
        "accuracy": 93.18181818181817,
        "time": 3.57938289642334
    },
    "llama-4-maverick-17b": {
        "gt": "zer dat ſe vorwonnen weren van yſrahelſe vnt",
        "response": "zet dat ſe voorwonnen weren van pſrahel ſe vnt",
        "wer": 50.0,
        "cer": 9.090909090909092,
        "accuracy": 91.30434782608695,
        "time": 8.785789966583252
    }
}