{
    "mistral-small": {
        "gt": "yſrahels vnde Dauid ſloech doet vã den vã ſy",
        "response": "ſprahels onde Dauid floech doet vâ den vâ ſp",
        "wer": 66.66666666666666,
        "cer": 15.909090909090908,
        "accuracy": 86.36363636363636,
        "time": 1.2882580757141113
    },
    "spotlight": {
        "gt": "yſrahels vnde Dauid ſloech doet vã den vã ſy",
        "response": "ysrahels vnde Davi'd floech doet vā den vā sy",
        "wer": 66.66666666666666,
        "cer": 15.909090909090908,
        "accuracy": 84.44444444444444,
        "time": 1.5679807662963867
    },
    "gpt-4.1": {
        "gt": "yſrahels vnde Dauid ſloech doet vã den vã ſy",
        "response": "ysrahels vn̄de Dauid floech doet vā den vā ſy",
        "wer": 55.55555555555556,
        "cer": 11.363636363636363,
        "accuracy": 88.88888888888889,
        "time": 2.4759421348571777
    },
    "gpt-4o": {
        "gt": "yſrahels vnde Dauid ſloech doet vã den vã ſy",
        "response": "yſrahels vnde Dauid ſloech doet vā den vāſy",
        "wer": 33.33333333333333,
        "cer": 6.8181818181818175,
        "accuracy": 93.18181818181817,
        "time": 2.513090133666992
    },
    "claude-4-sonnet": {
        "gt": "yſrahels vnde Dauid ſloech doet vã den vã ſy",
        "response": "pſrahels onde Dauid ſloech doet van den van ſy",
        "wer": 44.44444444444444,
        "cer": 13.636363636363635,
        "accuracy": 86.95652173913044,
        "time": 3.061141014099121
    },
    "qwen-2.5-vl-72b": {
        "gt": "yſrahels vnde Dauid ſloech doet vã den vã ſy",
        "response": "yſrahels vnde Dauid floech doet vā den vā ſy",
        "wer": 33.33333333333333,
        "cer": 6.8181818181818175,
        "accuracy": 93.18181818181817,
        "time": 5.131245851516724
    },
    "claude-4-opus": {
        "gt": "yſrahels vnde Dauid ſloech doet vã den vã ſy",
        "response": "pſtahels vnde Dauid ſloech doet vā den vā ſy",
        "wer": 33.33333333333333,
        "cer": 9.090909090909092,
        "accuracy": 90.9090909090909,
        "time": 5.1882710456848145
    },
    "llama-4-maverick-17b": {
        "gt": "yſrahels vnde Dauid ſloech doet vã den vã ſy",
        "response": "yfrahels onde Dauid floech doet vā den vā fp",
        "wer": 66.66666666666666,
        "cer": 15.909090909090908,
        "accuracy": 84.0909090909091,
        "time": 10.781322002410889
    }
}