{
    "mistral-small": {
        "gt": "vnde bunghen · vnde vedelen vnde cymbalen ·",
        "response": "vnde bunghen · vnde wedelen vnde cymbalen",
        "wer": 25.0,
        "cer": 6.976744186046512,
        "accuracy": 93.02325581395348,
        "time": 1.3112797737121582
    },
    "spotlight": {
        "gt": "vnde bunghen · vnde vedelen vnde cymbalen ·",
        "response": "vnde bunghen·vnde vedelen vnde cymbalen·",
        "wer": 62.5,
        "cer": 6.976744186046512,
        "accuracy": 93.02325581395348,
        "time": 1.6503610610961914
    },
    "gpt-4.1": {
        "gt": "vnde bunghen · vnde vedelen vnde cymbalen ·",
        "response": "vnde bunghen vnde v̄delen vnde cymbalen·",
        "wer": 50.0,
        "cer": 9.30232558139535,
        "accuracy": 90.69767441860465,
        "time": 1.7571721076965332
    },
    "gpt-4o": {
        "gt": "vnde bunghen · vnde vedelen vnde cymbalen ·",
        "response": "vn̅de buƷhen vn̅de vedelen vn̅de cymbalen·",
        "wer": 87.5,
        "cer": 18.6046511627907,
        "accuracy": 88.37209302325581,
        "time": 2.3944547176361084
    },
    "claude-4-sonnet": {
        "gt": "vnde bunghen · vnde vedelen vnde cymbalen ·",
        "response": "vnde bunghen vnde redelen vnde cymbalen",
        "wer": 37.5,
        "cer": 11.627906976744185,
        "accuracy": 88.37209302325581,
        "time": 2.401214838027954
    },
    "claude-4-opus": {
        "gt": "vnde bunghen · vnde vedelen vnde cymbalen ·",
        "response": "pnde buſighen·vnde redelen vnde cymbälen·",
        "wer": 87.5,
        "cer": 18.6046511627907,
        "accuracy": 83.72093023255815,
        "time": 3.4752960205078125
    },
    "qwen-2.5-vl-72b": {
        "gt": "vnde bunghen · vnde vedelen vnde cymbalen ·",
        "response": "vnde bunghen·vnde vedelen vnde cymbålen·",
        "wer": 62.5,
        "cer": 9.30232558139535,
        "accuracy": 90.69767441860465,
        "time": 5.198984861373901
    },
    "llama-4-maverick-17b": {
        "gt": "vnde bunghen · vnde vedelen vnde cymbalen ·",
        "response": "vnde bunghen.vnde vedelen vnde cymbalen.",
        "wer": 62.5,
        "cer": 11.627906976744185,
        "accuracy": 88.37209302325581,
        "time": 10.119005918502808
    }
}