{
    "spotlight": {
        "gt": "chor: do \u017fteckede Oza vth \u017fijn hant tho der ar",
        "response": "choe:do strockede Oza vth fijn hant tho der ae",
        "wer": 50.0,
        "cer": 15.217391304347828,
        "accuracy": 86.95652173913044,
        "time": 1.2593212127685547
    },
    "mistral-small": {
        "gt": "chor: do \u017fteckede Oza vth \u017fijn hant tho der ar",
        "response": "choer: do \u017ftreckede (?) a vth \u017fijn hant tho der an",
        "wer": 50.0,
        "cer": 15.217391304347828,
        "accuracy": 86.0,
        "time": 1.4025869369506836
    },
    "gpt-4.1": {
        "gt": "chor: do \u017fteckede Oza vth \u017fijn hant tho der ar",
        "response": "chov: do \u017ftruckede Oza vth \u017fin hant tho der ar",
        "wer": 30.0,
        "cer": 8.695652173913043,
        "accuracy": 93.47826086956522,
        "time": 1.6866328716278076
    },
    "gpt-4o": {
        "gt": "chor: do \u017fteckede Oza vth \u017fijn hant tho der ar",
        "response": "chot: do \u017ftruckede \u0178za vth \u017fijn hant tho der ar",
        "wer": 30.0,
        "cer": 8.695652173913043,
        "accuracy": 91.48936170212765,
        "time": 2.117105007171631
    },
    "qwen-2.5-vl-72b": {
        "gt": "chor: do \u017fteckede Oza vth \u017fijn hant tho der ar",
        "response": "cho:do struckede Oza vth \u017fij\u00f1 hant tho der \u00e6",
        "wer": 50.0,
        "cer": 17.391304347826086,
        "accuracy": 84.78260869565217,
        "time": 2.9767611026763916
    },
    "claude-4-sonnet": {
        "gt": "chor: do \u017fteckede Oza vth \u017fijn hant tho der ar",
        "response": "cho: do \u017ftrecke\u00f0e O\ua75ba vth \u017fijn hant tho \u00f0er ar",
        "wer": 40.0,
        "cer": 10.869565217391305,
        "accuracy": 91.30434782608695,
        "time": 3.450817108154297
    },
    "claude-4-opus": {
        "gt": "chor: do \u017fteckede Oza vth \u017fijn hant tho der ar",
        "response": "eb oc: do \u017ftrechede Oza vth fijn hant tho der ar",
        "wer": 40.0,
        "cer": 15.217391304347828,
        "accuracy": 85.41666666666666,
        "time": 3.552090883255005
    },
    "llama-4-maverick-17b": {
        "gt": "chor: do \u017fteckede Oza vth \u017fijn hant tho der ar",
        "response": "cho:do ftruckede Oza vtb fijn bant tho der as",
        "wer": 70.0,
        "cer": 19.565217391304348,
        "accuracy": 82.6086956521739,
        "time": 9.094669103622437
    },
    "gpt-5-mini": {
        "gt": "chor: do \u017fteckede Oza vth \u017fijn hant tho der ar",
        "response": "cho:do \u017ftreckede O;a vth \u017fijn hant tho der ar",
        "wer": 40.0,
        "cer": 8.695652173913043,
        "accuracy": 93.47826086956522,
        "time": 17.49862289428711
    },
    "gpt-5": {
        "gt": "chor: do \u017fteckede Oza vth \u017fijn hant tho der ar",
        "response": "tho: do \u017ftreckede Oza vth \u017fin hant tho der ar",
        "wer": 30.0,
        "cer": 8.695652173913043,
        "accuracy": 93.47826086956522,
        "time": 75.3353488445282
    },
    "glm-4.5v": {
        "gt": "chor: do \u017fteckede Oza vth \u017fijn hant tho der ar",
        "response": "choz:do ftuckede Oza vth fijn bant tho der as",
        "wer": 60.0,
        "cer": 15.217391304347828,
        "accuracy": 84.78260869565217,
        "time": 5.226405143737793
    },
    "gemini-2.5-flash": {
        "gt": "chor: do \u017fteckede Oza vth \u017fijn hant tho der ar",
        "response": "cho: do \u017ftreckede D\ua75ba v\ua75bb \u017fin hant tho \ua75ber as",
        "wer": 70.0,
        "cer": 19.565217391304348,
        "accuracy": 82.6086956521739,
        "time": 8.73605990409851
    },
    "mistral-medium-3.1": {
        "gt": "chor: do \u017fteckede Oza vth \u017fijn hant tho der ar",
        "response": "choz: do \u017ftreckte \u014dza vth \u017fijn hant tho der ar",
        "wer": 30.0,
        "cer": 10.869565217391305,
        "accuracy": 91.30434782608695,
        "time": 1.233933925628662
    },
    "ernie-4.5-vl-28b-a3b": {
        "gt": "chor: do \u017fteckede Oza vth \u017fijn hant tho der ar",
        "response": "cho\u035e:do streckede \ua75b\u00e4u vth siu\u0342n hangtho der ao",
        "wer": 80.0,
        "cer": 28.26086956521739,
        "accuracy": 76.08695652173914,
        "time": 2.0877881050109863
    },
    "cogito-v2-109b": {
        "gt": "chor: do \u017fteckede Oza vth \u017fijn hant tho der ar",
        "response": "cho:do ftuckede Dza vtb fijn bant tho det as",
        "wer": 90.0,
        "cer": 21.73913043478261,
        "accuracy": 78.26086956521739,
        "time": 1.9829518795013428
    }
}