{
    "spotlight": {
        "gt": "chor: do ſteckede Oza vth ſijn hant tho der ar",
        "response": "choe:do strockede Oza vth fijn hant tho der ae",
        "wer": 50.0,
        "cer": 15.217391304347828,
        "accuracy": 86.95652173913044,
        "time": 1.2593212127685547
    },
    "mistral-small": {
        "gt": "chor: do ſteckede Oza vth ſijn hant tho der ar",
        "response": "choer: do ſtreckede (?) a vth ſijn hant tho der an",
        "wer": 50.0,
        "cer": 15.217391304347828,
        "accuracy": 86.0,
        "time": 1.4025869369506836
    },
    "gpt-4.1": {
        "gt": "chor: do ſteckede Oza vth ſijn hant tho der ar",
        "response": "chov: do ſtruckede Oza vth ſin hant tho der ar",
        "wer": 30.0,
        "cer": 8.695652173913043,
        "accuracy": 93.47826086956522,
        "time": 1.6866328716278076
    },
    "gpt-4o": {
        "gt": "chor: do ſteckede Oza vth ſijn hant tho der ar",
        "response": "chot: do ſtruckede Ÿza vth ſijn hant tho der ar",
        "wer": 30.0,
        "cer": 8.695652173913043,
        "accuracy": 91.48936170212765,
        "time": 2.117105007171631
    },
    "qwen-2.5-vl-72b": {
        "gt": "chor: do ſteckede Oza vth ſijn hant tho der ar",
        "response": "cho:do struckede Oza vth ſijñ hant tho der æ",
        "wer": 50.0,
        "cer": 17.391304347826086,
        "accuracy": 84.78260869565217,
        "time": 2.9767611026763916
    },
    "claude-4-sonnet": {
        "gt": "chor: do ſteckede Oza vth ſijn hant tho der ar",
        "response": "cho: do ſtreckeðe Oꝛa vth ſijn hant tho ðer ar",
        "wer": 40.0,
        "cer": 10.869565217391305,
        "accuracy": 91.30434782608695,
        "time": 3.450817108154297
    },
    "claude-4-opus": {
        "gt": "chor: do ſteckede Oza vth ſijn hant tho der ar",
        "response": "eb oc: do ſtrechede Oza vth fijn hant tho der ar",
        "wer": 40.0,
        "cer": 15.217391304347828,
        "accuracy": 85.41666666666666,
        "time": 3.552090883255005
    },
    "llama-4-maverick-17b": {
        "gt": "chor: do ſteckede Oza vth ſijn hant tho der ar",
        "response": "cho:do ftruckede Oza vtb fijn bant tho der as",
        "wer": 70.0,
        "cer": 19.565217391304348,
        "accuracy": 82.6086956521739,
        "time": 9.094669103622437
    }
}