{
    "mistral-small": {
        "source": "GT4HistOCR/corpus/EarlyModernLatin/1471-Orthographia-Tortellius",
        "images": 44,
        "avg_wer": 47.515416846967646,
        "avg_cer": 12.561022485822354,
        "avg_accuracy": 88.50566483668904,
        "avg_time": 2.142414065924558
    },
    "qwen-2.5-vl-72b": {
        "source": "GT4HistOCR/corpus/EarlyModernLatin/1471-Orthographia-Tortellius",
        "images": 44,
        "avg_wer": 52.308117461860775,
        "avg_cer": 9.878584940008214,
        "avg_accuracy": 90.58474452444946,
        "avg_time": 2.904888938773762
    },
    "gpt-4o": {
        "source": "GT4HistOCR/corpus/EarlyModernLatin/1471-Orthographia-Tortellius",
        "images": 44,
        "avg_wer": 33.73318081205782,
        "avg_cer": 8.619343127373838,
        "avg_accuracy": 92.04418752699627,
        "avg_time": 2.8888890905813738
    },
    "gpt-4.1": {
        "source": "GT4HistOCR/corpus/EarlyModernLatin/1471-Orthographia-Tortellius",
        "images": 44,
        "avg_wer": 32.39074650839357,
        "avg_cer": 7.2622955892259,
        "avg_accuracy": 93.32411613782824,
        "avg_time": 2.537465187636289
    },
    "spotlight": {
        "source": "GT4HistOCR/corpus/EarlyModernLatin/1471-Orthographia-Tortellius",
        "images": 44,
        "avg_wer": 53.56670958275236,
        "avg_cer": 10.873990323334038,
        "avg_accuracy": 89.64995054003533,
        "avg_time": 1.9801103635267778
    },
    "llama-4-maverick-17b": {
        "source": "GT4HistOCR/corpus/EarlyModernLatin/1471-Orthographia-Tortellius",
        "images": 44,
        "avg_wer": 49.69436757538362,
        "avg_cer": 12.33663092350608,
        "avg_accuracy": 89.34610620678534,
        "avg_time": 1.7587679461999373
    },
    "gemini-2.5-flash": {
        "source": "GT4HistOCR/corpus/EarlyModernLatin/1471-Orthographia-Tortellius",
        "images": 44,
        "avg_wer": 39.9790138560192,
        "avg_cer": 9.950511022759171,
        "avg_accuracy": 91.41919152520735,
        "avg_time": 7.50046691569415
    },
    "claude-4-sonnet": {
        "source": "GT4HistOCR/corpus/EarlyModernLatin/1471-Orthographia-Tortellius",
        "images": 44,
        "avg_wer": 32.436970338039856,
        "avg_cer": 6.848393910021008,
        "avg_accuracy": 93.50729841878237,
        "avg_time": 4.288106067614122
    },
    "claude-4-opus": {
        "source": "GT4HistOCR/corpus/EarlyModernLatin/1471-Orthographia-Tortellius",
        "images": 44,
        "avg_wer": 22.685721141603494,
        "avg_cer": 5.342688322286581,
        "avg_accuracy": 95.01518689255369,
        "avg_time": 5.787005906755274
    },
    "o4-mini": {
        "source": "GT4HistOCR/corpus/EarlyModernLatin/1471-Orthographia-Tortellius",
        "images": 44,
        "avg_wer": 37.4272830556253,
        "avg_cer": 8.256605950128641,
        "avg_accuracy": 92.50260280412482,
        "avg_time": 25.730232190002095
    },
    "gemini-2.5-pro": {
        "source": "GT4HistOCR/corpus/EarlyModernLatin/1471-Orthographia-Tortellius",
        "images": 44,
        "avg_wer": 37.32401956332438,
        "avg_cer": 8.919314196884965,
        "avg_accuracy": 92.04199561934642,
        "avg_time": 51.45145735415545
    },
    "gpt-5-mini": {
        "source": "GT4HistOCR/corpus/EarlyModernLatin/1471-Orthographia-Tortellius",
        "images": 44,
        "avg_wer": 35.67911366708158,
        "avg_cer": 7.4395361313367605,
        "avg_accuracy": 93.19686786018673,
        "avg_time": 22.12762637571855
    },
    "gpt-5": {
        "source": "GT4HistOCR/corpus/EarlyModernLatin/1471-Orthographia-Tortellius",
        "images": 44,
        "avg_wer": 27.180039212124772,
        "avg_cer": 6.5695810667430035,
        "avg_accuracy": 94.08539854848169,
        "avg_time": 72.49032167954879
    }
}