{
    "spotlight": {
        "gt": "tutis etiam con\u017filijs diffidentes, & difficultatibus nunqu\u00e3 uos ere-",
        "response": "tutis etiam consilijs diffidentes,& difficultatibus nunqu\u00e3uos ere-",
        "wer": 55.55555555555556,
        "cer": 4.411764705882353,
        "accuracy": 95.58823529411765,
        "time": 1.3155889511108398
    },
    "mistral-small": {
        "gt": "tutis etiam con\u017filijs diffidentes, & difficultatibus nunqu\u00e3 uos ere-",
        "response": "tutis etiam confiliis diffidentes, & difficultatibus nunquam ere-",
        "wer": 33.33333333333333,
        "cer": 10.294117647058822,
        "accuracy": 89.70588235294117,
        "time": 1.3348569869995117
    },
    "llama-4-maverick-17b": {
        "gt": "tutis etiam con\u017filijs diffidentes, & difficultatibus nunqu\u00e3 uos ere-",
        "response": "turis etiam confiliis diffidentes,& difficultatibus nunquam uos ere.",
        "wer": 66.66666666666666,
        "cer": 10.294117647058822,
        "accuracy": 91.17647058823529,
        "time": 1.4632492065429688
    },
    "gpt-4.1": {
        "gt": "tutis etiam con\u017filijs diffidentes, & difficultatibus nunqu\u00e3 uos ere-",
        "response": "tutis etiam con\u017filijs diffidentes, & difficultatibus nunqu\u0101 uos ere-",
        "wer": 11.11111111111111,
        "cer": 1.4705882352941175,
        "accuracy": 98.52941176470588,
        "time": 1.632190227508545
    },
    "gpt-4o": {
        "gt": "tutis etiam con\u017filijs diffidentes, & difficultatibus nunqu\u00e3 uos ere-",
        "response": "tutis etiam con\u017filijs diffidentes, & difficultatibus nunqu\u00e3 uos ere-",
        "wer": 0.0,
        "cer": 0.0,
        "accuracy": 100.0,
        "time": 1.6913862228393555
    },
    "qwen-2.5-vl-72b": {
        "gt": "tutis etiam con\u017filijs diffidentes, & difficultatibus nunqu\u00e3 uos ere-",
        "response": "tutis etiam con\u017filijs diffidentes,& difficultatibus nunqua\u0169uos ere-",
        "wer": 44.44444444444444,
        "cer": 4.411764705882353,
        "accuracy": 95.58823529411765,
        "time": 2.6053099632263184
    },
    "claude-4-sonnet": {
        "gt": "tutis etiam con\u017filijs diffidentes, & difficultatibus nunqu\u00e3 uos ere-",
        "response": "turis etiam con\u017filijs di\u017f\u017fidentes, & difficultatibus nunquam uos ere-",
        "wer": 33.33333333333333,
        "cer": 7.352941176470589,
        "accuracy": 92.7536231884058,
        "time": 3.101389169692993
    },
    "claude-4-opus": {
        "gt": "tutis etiam con\u017filijs diffidentes, & difficultatibus nunqu\u00e3 uos ere-",
        "response": "tutis etiam con\u017filijs diffidentes, & difficultatibus nunqu\u00e3 uos ere-",
        "wer": 0.0,
        "cer": 0.0,
        "accuracy": 100.0,
        "time": 4.202983856201172
    },
    "gemini-2.5-flash": {
        "gt": "tutis etiam con\u017filijs diffidentes, & difficultatibus nunqu\u00e3 uos ere-",
        "response": "tutis etiam confili\u00efs diffidentes, & difficultatibus nunqua\u0303 uos cre.",
        "wer": 33.33333333333333,
        "cer": 8.823529411764707,
        "accuracy": 91.30434782608695,
        "time": 5.829256057739258
    },
    "gemini-2.5-pro": {
        "gt": "tutis etiam con\u017filijs diffidentes, & difficultatibus nunqu\u00e3 uos ere-",
        "response": "tutis etiam confili\u00efs diffidentes, & difficultatibus nunqu\u00e3 uos ere",
        "wer": 22.22222222222222,
        "cer": 4.411764705882353,
        "accuracy": 95.58823529411765,
        "time": 38.090049028396606
    },
    "o4-mini": {
        "gt": "tutis etiam con\u017filijs diffidentes, & difficultatibus nunqu\u00e3 uos ere-",
        "response": "futuris etiam con\u017filii\u017f diffidentibus,& difficultaribus nunquam vos cre-",
        "wer": 88.88888888888889,
        "cer": 20.588235294117645,
        "accuracy": 81.94444444444444,
        "time": 39.41680121421814
    },
    "gpt-5-mini": {
        "gt": "tutis etiam con\u017filijs diffidentes, & difficultatibus nunqu\u00e3 uos ere-",
        "response": "turis etiam con\u017filiis di\u017f\u017fidentes, & di\u017f\u017ficultaribus nunquam uos cre-",
        "wer": 66.66666666666666,
        "cer": 14.705882352941178,
        "accuracy": 85.5072463768116,
        "time": 24.74663996696472
    },
    "gpt-5": {
        "gt": "tutis etiam con\u017filijs diffidentes, & difficultatibus nunqu\u00e3 uos ere-",
        "response": "tutis etiam con\u017filijs diffidentes, & difficultatibus nunqu\u00e3 uos ere,",
        "wer": 11.11111111111111,
        "cer": 1.4705882352941175,
        "accuracy": 98.52941176470588,
        "time": 49.45054626464844
    }
}