{
    "llama-4-maverick-17b": {
        "gt": "alcibiades Athenien\u017fium dux eligi- tia pugnatur",
        "response": "alcibisdes Athenien\u017fium dux eligi. tia pugnatur",
        "wer": 33.33333333333333,
        "cer": 4.25531914893617,
        "accuracy": 95.74468085106383,
        "time": 0.9990360736846924
    },
    "mistral-small": {
        "gt": "alcibiades Athenien\u017fium dux eligi- tia pugnatur",
        "response": "alcibiades Athenien\u017fium dux eligi- tia pugnatur",
        "wer": 0.0,
        "cer": 0.0,
        "accuracy": 100.0,
        "time": 1.148756980895996
    },
    "qwen-2.5-vl-72b": {
        "gt": "alcibiades Athenien\u017fium dux eligi- tia pugnatur",
        "response": "alcibiades Atheniensium dux eligi- tia pugnatur",
        "wer": 16.666666666666664,
        "cer": 2.127659574468085,
        "accuracy": 97.87234042553192,
        "time": 1.5844359397888184
    },
    "gpt-4.1": {
        "gt": "alcibiades Athenien\u017fium dux eligi- tia pugnatur",
        "response": "alcibiades Athenien\u017fium dux eligi-\ntia pugnatur",
        "wer": 33.33333333333333,
        "cer": 2.127659574468085,
        "accuracy": 97.87234042553192,
        "time": 1.585042953491211
    },
    "spotlight": {
        "gt": "alcibiades Athenien\u017fium dux eligi- tia pugnatur",
        "response": "alcibiades Atheniensium dux eligi- tia pugnatur",
        "wer": 16.666666666666664,
        "cer": 2.127659574468085,
        "accuracy": 97.87234042553192,
        "time": 1.8816919326782227
    },
    "gpt-4o": {
        "gt": "alcibiades Athenien\u017fium dux eligi- tia pugnatur",
        "response": "alcibiades Athenien\u017fium dux eligi-\ntia pugnatur",
        "wer": 33.33333333333333,
        "cer": 2.127659574468085,
        "accuracy": 97.87234042553192,
        "time": 2.4070489406585693
    },
    "gemini-2.5-flash": {
        "gt": "alcibiades Athenien\u017fium dux eligi- tia pugnatur",
        "response": "alcibides Athenien\u017fium dux eligi-   tia pugnatur",
        "wer": 16.666666666666664,
        "cer": 6.382978723404255,
        "accuracy": 95.83333333333334,
        "time": 3.893578052520752
    },
    "claude-4-opus": {
        "gt": "alcibiades Athenien\u017fium dux eligi- tia pugnatur",
        "response": "Alcib\u00edades Athenie\u017fium dux eligi- tia pugnatur",
        "wer": 33.33333333333333,
        "cer": 6.382978723404255,
        "accuracy": 93.61702127659575,
        "time": 4.5701189041137695
    },
    "o4-mini": {
        "gt": "alcibiades Athenien\u017fium dux eligi- tia pugnatur",
        "response": "alcibiades Athenien\u017fium dux eligi-  \ntia pugnatur",
        "wer": 0.0,
        "cer": 4.25531914893617,
        "accuracy": 95.91836734693877,
        "time": 8.936710119247437
    },
    "claude-4-sonnet": {
        "gt": "alcibiades Athenien\u017fium dux eligi- tia pugnatur",
        "response": "alcibiades Athenien\u017fium dux eligi-     tia pugnatur",
        "wer": 0.0,
        "cer": 8.51063829787234,
        "accuracy": 92.15686274509804,
        "time": 15.139650106430054
    },
    "gemini-2.5-pro": {
        "gt": "alcibiades Athenien\u017fium dux eligi- tia pugnatur",
        "response": "alcibiades Athenien\u017fium dux eligi      tia pugnatur",
        "wer": 16.666666666666664,
        "cer": 10.638297872340425,
        "accuracy": 90.19607843137256,
        "time": 39.21764397621155
    },
    "gpt-5-mini": {
        "gt": "alcibiades Athenien\u017fium dux eligi- tia pugnatur",
        "response": "alcibides Athenien\u017fium dux eligi- tia pugnatur",
        "wer": 16.666666666666664,
        "cer": 2.127659574468085,
        "accuracy": 97.87234042553192,
        "time": 15.724784851074219
    },
    "gpt-5": {
        "gt": "alcibiades Athenien\u017fium dux eligi- tia pugnatur",
        "response": "alcibiades Athenien\u017fium dux eligi- tia pugnatur",
        "wer": 0.0,
        "cer": 0.0,
        "accuracy": 100.0,
        "time": 57.911295890808105
    },
    "glm-4.5v": {
        "gt": "alcibiades Athenien\u017fium dux eligi- tia pugnatur",
        "response": "alcibiades Athenien\u017fium dux eligi- tia pugnatur",
        "wer": 0.0,
        "cer": 0.0,
        "accuracy": 100.0,
        "time": 4.766024827957153
    },
    "mistral-medium-3.1": {
        "gt": "alcibiades Athenien\u017fium dux eligi- tia pugnatur",
        "response": "alcibiades Athenien\u017fium dux eligitur   tia pugnatur",
        "wer": 16.666666666666664,
        "cer": 10.638297872340425,
        "accuracy": 90.19607843137256,
        "time": 1.2759060859680176
    },
    "ernie-4.5-vl-28b-a3b": {
        "gt": "alcibiades Athenien\u017fium dux eligi- tia pugnatur",
        "response": "alcibisdes Athenienfium dux eligi- tia pugnatur",
        "wer": 33.33333333333333,
        "cer": 4.25531914893617,
        "accuracy": 95.74468085106383,
        "time": 2.506911039352417
    },
    "grok-4": {
        "gt": "alcibiades Athenien\u017fium dux eligi- tia pugnatur",
        "response": "alcibiades Athenien\u017fium dux eligi: tia pugnat ur",
        "wer": 50.0,
        "cer": 4.25531914893617,
        "accuracy": 95.83333333333334,
        "time": 62.15088510513306
    },
    "cogito-v2-109b": {
        "gt": "alcibiades Athenien\u017fium dux eligi- tia pugnatur",
        "response": "alcibisdes Athenienfium dux eligi: tia pugnatur",
        "wer": 50.0,
        "cer": 6.382978723404255,
        "accuracy": 93.61702127659575,
        "time": 1.7728090286254883
    },
    "qwen3-vl-235b-instruct": {
        "gt": "alcibiades Athenien\u017fium dux eligi- tia pugnatur",
        "response": "alcibisdes Athenien\u017fium dux eligi- tia pugnatur",
        "wer": 16.666666666666664,
        "cer": 2.127659574468085,
        "accuracy": 97.87234042553192,
        "time": 4.229694128036499
    }
}