{
    "mistral-small": {
        "gt": "ria, nec eos ultum ire differemus, c\u00f9m ip\u017forum non differatur iniu",
        "response": "ria, nec eos ultum ire differemus, cum ipforum non differatur ini\u016b",
        "wer": 27.27272727272727,
        "cer": 4.545454545454546,
        "accuracy": 95.45454545454545,
        "time": 1.3143599033355713
    },
    "spotlight": {
        "gt": "ria, nec eos ultum ire differemus, c\u00f9m ip\u017forum non differatur iniu",
        "response": "ria, nec cos ultum ire differemus, c\u00f9m \u00edpsorum non differatur ini\u00fa",
        "wer": 27.27272727272727,
        "cer": 6.0606060606060606,
        "accuracy": 93.93939393939394,
        "time": 1.312363862991333
    },
    "gpt-4o": {
        "gt": "ria, nec eos ultum ire differemus, c\u00f9m ip\u017forum non differatur iniu",
        "response": "ria, nec eos ultum ire differemus, c\u00f9m ip\u017forum non differatur iniui-",
        "wer": 9.090909090909092,
        "cer": 3.0303030303030303,
        "accuracy": 97.05882352941177,
        "time": 1.588238000869751
    },
    "gpt-4.1": {
        "gt": "ria, nec eos ultum ire differemus, c\u00f9m ip\u017forum non differatur iniu",
        "response": "ria, nec eos ultum ire differemus, c\u00f9m ip\u017forum non differatur iniu",
        "wer": 0.0,
        "cer": 0.0,
        "accuracy": 100.0,
        "time": 1.6671087741851807
    },
    "qwen-2.5-vl-72b": {
        "gt": "ria, nec eos ultum ire differemus, c\u00f9m ip\u017forum non differatur iniu",
        "response": "ria,nec eos ultum ire differemus,c\u00f9m \u00edpforum non differatur iniu",
        "wer": 45.45454545454545,
        "cer": 6.0606060606060606,
        "accuracy": 93.93939393939394,
        "time": 2.245880126953125
    },
    "claude-4-sonnet": {
        "gt": "ria, nec eos ultum ire differemus, c\u00f9m ip\u017forum non differatur iniu",
        "response": "ria,nec eos ultum ire differemus,c\u00f9m ip\u017forum non differatur iniu",
        "wer": 36.36363636363637,
        "cer": 3.0303030303030303,
        "accuracy": 96.96969696969697,
        "time": 3.5134220123291016
    },
    "claude-4-opus": {
        "gt": "ria, nec eos ultum ire differemus, c\u00f9m ip\u017forum non differatur iniu",
        "response": "ria,nec eos ultum ire differemus,c\u00f9m ip\u017forum non differatur iniu",
        "wer": 36.36363636363637,
        "cer": 3.0303030303030303,
        "accuracy": 96.96969696969697,
        "time": 4.149942874908447
    },
    "gemini-2.5-flash": {
        "gt": "ria, nec eos ultum ire differemus, c\u00f9m ip\u017forum non differatur iniu",
        "response": "ria,nec eos ultum \u00edre differemus, c\u00fam \u017fp\u017forum non differatur ini\u00f9",
        "wer": 54.54545454545454,
        "cer": 7.575757575757576,
        "accuracy": 92.42424242424242,
        "time": 4.3730690479278564
    },
    "llama-4-maverick-17b": {
        "gt": "ria, nec eos ultum ire differemus, c\u00f9m ip\u017forum non differatur iniu",
        "response": "ria,nec cos ultum ire differemus,c\u00f9m ip\u017forum non differatur iniu",
        "wer": 45.45454545454545,
        "cer": 4.545454545454546,
        "accuracy": 95.45454545454545,
        "time": 7.548137903213501
    },
    "o4-mini": {
        "gt": "ria, nec eos ultum ire differemus, c\u00f9m ip\u017forum non differatur iniu",
        "response": "ria,nec co\u017fultum ire differemus,c\u00f9m \u00edp\u017forum non differatur initium",
        "wer": 72.72727272727273,
        "cer": 13.636363636363635,
        "accuracy": 90.9090909090909,
        "time": 13.867545127868652
    },
    "gemini-2.5-pro": {
        "gt": "ria, nec eos ultum ire differemus, c\u00f9m ip\u017forum non differatur iniu",
        "response": "ria, nec cos ultum \u00edre differemus, c\u00f9m \u00edp\u017forum non differatur iniu",
        "wer": 27.27272727272727,
        "cer": 4.545454545454546,
        "accuracy": 95.45454545454545,
        "time": 34.799736976623535
    },
    "gpt-5-mini": {
        "gt": "ria, nec eos ultum ire differemus, c\u00f9m ip\u017forum non differatur iniu",
        "response": "ria, nec con\u017fultum ire differemus, c\u00f9m ip\u017forum non differatur ini\u016b",
        "wer": 27.27272727272727,
        "cer": 6.0606060606060606,
        "accuracy": 93.93939393939394,
        "time": 23.147762775421143
    },
    "gpt-5": {
        "gt": "ria, nec eos ultum ire differemus, c\u00f9m ip\u017forum non differatur iniu",
        "response": "ria, nec eos ultum ire differemus, c\u00f9m \u00edp\u017forum non differatur iniu",
        "wer": 9.090909090909092,
        "cer": 1.5151515151515151,
        "accuracy": 98.48484848484848,
        "time": 85.01708436012268
    },
    "glm-4.5v": {
        "gt": "ria, nec eos ultum ire differemus, c\u00f9m ip\u017forum non differatur iniu",
        "response": "ria,nec cosultum ire differemus,c\u00f9m ip\u017forum non differatur ini\u00f9",
        "wer": 63.63636363636363,
        "cer": 7.575757575757576,
        "accuracy": 92.42424242424242,
        "time": 9.097061157226562
    },
    "mistral-medium-3.1": {
        "gt": "ria, nec eos ultum ire differemus, c\u00f9m ip\u017forum non differatur iniu",
        "response": "ria, nec co\u017fultum ire differemus, c\u00f9m ip\u017forum non differatur iniuri",
        "wer": 27.27272727272727,
        "cer": 7.575757575757576,
        "accuracy": 94.02985074626866,
        "time": 1.8159968852996826
    },
    "ernie-4.5-vl-28b-a3b": {
        "gt": "ria, nec eos ultum ire differemus, c\u00f9m ip\u017forum non differatur iniu",
        "response": "ria,nec coc ultum ire differemus,c\u00fcm \u00edpforum non di\u017fferatur iniu",
        "wer": 63.63636363636363,
        "cer": 12.121212121212121,
        "accuracy": 87.87878787878788,
        "time": 2.356200933456421
    },
    "grok-4": {
        "gt": "ria, nec eos ultum ire differemus, c\u00f9m ip\u017forum non differatur iniu",
        "response": "ria, nec eos vltum ire differemus, cum ip\u017forum non differatur iniuria",
        "wer": 27.27272727272727,
        "cer": 7.575757575757576,
        "accuracy": 92.7536231884058,
        "time": 68.24722790718079
    }
}