{
    "mistral-small": {
        "gt": "13 4",
        "response": "B 4",
        "wer": 50.0,
        "cer": 50.0,
        "accuracy": 50.0,
        "time": 1.0039680004119873
    },
    "llama-4-maverick-17b": {
        "gt": "13 4",
        "response": "B 4",
        "wer": 50.0,
        "cer": 50.0,
        "accuracy": 50.0,
        "time": 1.1010420322418213
    },
    "qwen-2.5-vl-72b": {
        "gt": "13 4",
        "response": "B 4",
        "wer": 50.0,
        "cer": 50.0,
        "accuracy": 50.0,
        "time": 1.1985242366790771
    },
    "gpt-4.1": {
        "gt": "13 4",
        "response": "B  4",
        "wer": 50.0,
        "cer": 50.0,
        "accuracy": 50.0,
        "time": 1.308021068572998
    },
    "gpt-4o": {
        "gt": "13 4",
        "response": "B 4",
        "wer": 50.0,
        "cer": 50.0,
        "accuracy": 50.0,
        "time": 1.448195219039917
    },
    "spotlight": {
        "gt": "13 4",
        "response": "B 4",
        "wer": 50.0,
        "cer": 50.0,
        "accuracy": 50.0,
        "time": 1.9164400100708008
    },
    "claude-4-opus": {
        "gt": "13 4",
        "response": "B 4",
        "wer": 50.0,
        "cer": 50.0,
        "accuracy": 50.0,
        "time": 2.9127607345581055
    },
    "gemini-2.5-flash": {
        "gt": "13 4",
        "response": "B 4",
        "wer": 50.0,
        "cer": 50.0,
        "accuracy": 50.0,
        "time": 3.184386730194092
    },
    "claude-4-sonnet": {
        "gt": "13 4",
        "response": "B    4",
        "wer": 50.0,
        "cer": 100.0,
        "accuracy": 33.33333333333333,
        "time": 3.8241848945617676
    },
    "o4-mini": {
        "gt": "13 4",
        "response": "B 4",
        "wer": 50.0,
        "cer": 50.0,
        "accuracy": 50.0,
        "time": 5.162793159484863
    },
    "gemini-2.5-pro": {
        "gt": "13 4",
        "response": "B       4",
        "wer": 50.0,
        "cer": 175.0,
        "accuracy": 22.22222222222222,
        "time": 13.544996976852417
    }
}