{
    "llama-4-maverick-17b": {
        "source": "GT4HistOCR/corpus/Kallimachos/1488-Heiligenleben-GWM11407",
        "images": 30,
        "avg_wer": 56.503246753246756,
        "avg_cer": 16.068180250472842,
        "avg_accuracy": 84.97735174113596,
        "avg_time": 8.482189774513245
    },
    "gpt-4.1": {
        "source": "GT4HistOCR/corpus/Kallimachos/1488-Heiligenleben-GWM11407",
        "images": 30,
        "avg_wer": 38.679052429052426,
        "avg_cer": 10.166768426425042,
        "avg_accuracy": 90.32727403420466,
        "avg_time": 2.2547416845957438
    },
    "spotlight": {
        "source": "GT4HistOCR/corpus/Kallimachos/1488-Heiligenleben-GWM11407",
        "images": 30,
        "avg_wer": 51.483405483405484,
        "avg_cer": 13.485328563441303,
        "avg_accuracy": 86.83303033800173,
        "avg_time": 2.0016685247421266
    },
    "claude-4-sonnet": {
        "source": "GT4HistOCR/corpus/Kallimachos/1488-Heiligenleben-GWM11407",
        "images": 30,
        "avg_wer": 34.7015392015392,
        "avg_cer": 8.232144466704186,
        "avg_accuracy": 92.03935404190251,
        "avg_time": 3.6102277596791583
    },
    "gpt-4o": {
        "source": "GT4HistOCR/corpus/Kallimachos/1488-Heiligenleben-GWM11407",
        "images": 30,
        "avg_wer": 48.99266474266474,
        "avg_cer": 13.257492707951252,
        "avg_accuracy": 87.43725238513325,
        "avg_time": 2.4581559181213377
    },
    "claude-4-opus": {
        "source": "GT4HistOCR/corpus/Kallimachos/1488-Heiligenleben-GWM11407",
        "images": 30,
        "avg_wer": 29.935786435786433,
        "avg_cer": 7.950549767987411,
        "avg_accuracy": 92.59678803537733,
        "avg_time": 5.277926206588745
    },
    "mistral-small": {
        "source": "GT4HistOCR/corpus/Kallimachos/1488-Heiligenleben-GWM11407",
        "images": 30,
        "avg_wer": 51.40548340548341,
        "avg_cer": 12.828049231921277,
        "avg_accuracy": 87.71747620814895,
        "avg_time": 1.784093403816223
    },
    "qwen-2.5-vl-72b": {
        "source": "GT4HistOCR/corpus/Kallimachos/1488-Heiligenleben-GWM11407",
        "images": 30,
        "avg_wer": 48.847282347282345,
        "avg_cer": 11.418058006504744,
        "avg_accuracy": 89.03466772299153,
        "avg_time": 2.770840573310852
    },
    "gpt-5-mini": {
        "source": "GT4HistOCR/corpus/Kallimachos/1488-Heiligenleben-GWM11407",
        "images": 30,
        "avg_wer": 39.12085137085137,
        "avg_cer": 9.36779613500036,
        "avg_accuracy": 91.18899224880542,
        "avg_time": 18.01369153658549
    },
    "gpt-5": {
        "source": "GT4HistOCR/corpus/Kallimachos/1488-Heiligenleben-GWM11407",
        "images": 30,
        "avg_wer": 36.16185666185666,
        "avg_cer": 8.990868706681901,
        "avg_accuracy": 91.32269846319757,
        "avg_time": 59.79209886391958
    },
    "glm-4.5v": {
        "source": "GT4HistOCR/corpus/Kallimachos/1488-Heiligenleben-GWM11407",
        "images": 30,
        "avg_wer": 60.89237614237614,
        "avg_cer": 15.311643423320358,
        "avg_accuracy": 85.67314251547641,
        "avg_time": 8.092709485689799
    },
    "gemini-2.5-flash": {
        "source": "GT4HistOCR/corpus/Kallimachos/1488-Heiligenleben-GWM11407",
        "images": 30,
        "avg_wer": 53.1504329004329,
        "avg_cer": 14.587554952695093,
        "avg_accuracy": 86.20656731196364,
        "avg_time": 6.933496332168579
    },
    "mistral-medium-3.1": {
        "source": "GT4HistOCR/corpus/Kallimachos/1488-Heiligenleben-GWM11407",
        "images": 30,
        "avg_wer": 54.554713804713806,
        "avg_cer": 14.485598628468914,
        "avg_accuracy": 86.44076687149608,
        "avg_time": 1.5185180266698202
    },
    "ernie-4.5-vl-28b-a3b": {
        "source": "GT4HistOCR/corpus/Kallimachos/1488-Heiligenleben-GWM11407",
        "images": 30,
        "avg_wer": 60.398749398749395,
        "avg_cer": 19.070160407311825,
        "avg_accuracy": 82.04720797618734,
        "avg_time": 2.9879173914591473
    },
    "cogito-v2-109b": {
        "source": "GT4HistOCR/corpus/Kallimachos/1488-Heiligenleben-GWM11407",
        "images": 30,
        "avg_wer": 62.790524290524296,
        "avg_cer": 19.53322431794457,
        "avg_accuracy": 81.55678534967565,
        "avg_time": 1.9897279421488443
    },
    "qwen3-vl-235b-instruct": {
        "source": "GT4HistOCR/corpus/Kallimachos/1488-Heiligenleben-GWM11407",
        "images": 30,
        "avg_wer": 34.44492544492544,
        "avg_cer": 8.369982707332694,
        "avg_accuracy": 91.64372021334697,
        "avg_time": 6.186326336860657
    }
}