{
    "llama-4-maverick-17b": {
        "gt": "pfecht. Aber wer gelert i\u017ft vnd die lere mit ge",
        "response": "pfccht. Aber wer geler\u017ft i\u017ft vnd die lere mit ge",
        "wer": 20.0,
        "cer": 4.25531914893617,
        "accuracy": 95.83333333333334,
        "time": 1.977952003479004
    },
    "spotlight": {
        "gt": "pfecht. Aber wer gelert i\u017ft vnd die lere mit ge",
        "response": "pfecht. Aber wer gelert ist vnd die lere mit ge",
        "wer": 10.0,
        "cer": 2.127659574468085,
        "accuracy": 97.87234042553192,
        "time": 1.4618041515350342
    }
}