{
    "mistral-small": {
        "gt": "\u017foltu mit vnreyn hey\u017f\u017fen. Das ge\u017fiht \u017fah er \u0292u",
        "response": "\u017foltu nit vnreyn heys\u017fen. Das gefiht \u017fah er zu",
        "wer": 44.44444444444444,
        "cer": 8.695652173913043,
        "accuracy": 91.30434782608695,
        "time": 1.4342248439788818
    },
    "spotlight": {
        "gt": "\u017foltu mit vnreyn hey\u017f\u017fen. Das ge\u017fiht \u017fah er \u0292u",
        "response": "Soltu nit vnreyn heyffen. Das gesiht saher zu",
        "wer": 77.77777777777779,
        "cer": 17.391304347826086,
        "accuracy": 82.6086956521739,
        "time": 1.8218989372253418
    },
    "gpt-4.1": {
        "gt": "\u017foltu mit vnreyn hey\u017f\u017fen. Das ge\u017fiht \u017fah er \u0292u",
        "response": "So\u017ftu mit vnreyn hey\u017f\u017fen. Das ge\u017ficht \u017fah er zu",
        "wer": 33.33333333333333,
        "cer": 8.695652173913043,
        "accuracy": 91.48936170212765,
        "time": 2.0103201866149902
    },
    "gpt-4o": {
        "gt": "\u017foltu mit vnreyn hey\u017f\u017fen. Das ge\u017fiht \u017fah er \u0292u",
        "response": "[E\u017ftu nit vnreyn heys\u017fen. Das gefiht \u017fah er zu]",
        "wer": 55.55555555555556,
        "cer": 17.391304347826086,
        "accuracy": 85.1063829787234,
        "time": 2.5643351078033447
    },
    "horizon-beta": {
        "gt": "\u017foltu mit vnreyn hey\u017f\u017fen. Das ge\u017fiht \u017fah er \u0292u",
        "response": "\u017foltu mit vnreyn hey\u017f\u017fen. Das ge\u017fiht \u017fah er zu\u00fc",
        "wer": 11.11111111111111,
        "cer": 4.3478260869565215,
        "accuracy": 95.74468085106383,
        "time": 2.8277812004089355
    },
    "claude-4-sonnet": {
        "gt": "\u017foltu mit vnreyn hey\u017f\u017fen. Das ge\u017fiht \u017fah er \u0292u",
        "response": "\u017foltu nit vnreyn hey\u017f\u017fen. Das ge\u017fiht \u017fah er zu",
        "wer": 22.22222222222222,
        "cer": 4.3478260869565215,
        "accuracy": 95.65217391304348,
        "time": 4.187837839126587
    },
    "claude-4-opus": {
        "gt": "\u017foltu mit vnreyn hey\u017f\u017fen. Das ge\u017fiht \u017fah er \u0292u",
        "response": "\u017foltu nit vnreyn hey\u017f\u017fen. Das ge\u017felhe \u017fah er zu",
        "wer": 33.33333333333333,
        "cer": 10.869565217391305,
        "accuracy": 89.36170212765957,
        "time": 10.891057968139648
    },
    "llama-4-maverick-17b": {
        "gt": "\u017foltu mit vnreyn hey\u017f\u017fen. Das ge\u017fiht \u017fah er \u0292u",
        "response": "\u017fol\u017ftu nit vnreyn heyl\u017ften. Das gefiht \u017fah er zu",
        "wer": 55.55555555555556,
        "cer": 13.043478260869565,
        "accuracy": 87.5,
        "time": 11.52174997329712
    },
    "qwen-2.5-vl-72b": {
        "gt": "\u017foltu mit vnreyn hey\u017f\u017fen. Das ge\u017fiht \u017fah er \u0292u",
        "response": "Soltu nit vnreyn heyp\u017fen. Das ge\u017ficht \u017fah er zu",
        "wer": 55.55555555555556,
        "cer": 10.869565217391305,
        "accuracy": 89.36170212765957,
        "time": 13.147938013076782
    }
}