{
    "llama-4-maverick-17b": {
        "gt": "mert vnde hadden vorſpoet na der propheciẽ",
        "response": "mert vnde hadden voṫpoet na der propheȧē",
        "wer": 28.57142857142857,
        "cer": 11.904761904761903,
        "accuracy": 88.09523809523809,
        "time": 1.026249885559082
    },
    "mistral-small": {
        "gt": "mert vnde hadden vorſpoet na der propheciẽ",
        "response": "mert vnde hadden vorspoet na der prophete",
        "wer": 28.57142857142857,
        "cer": 9.523809523809524,
        "accuracy": 90.47619047619048,
        "time": 1.2320079803466797
    },
    "spotlight": {
        "gt": "mert vnde hadden vorſpoet na der propheciẽ",
        "response": "mert vnde hadden vorspoet na der prophédi",
        "wer": 28.57142857142857,
        "cer": 9.523809523809524,
        "accuracy": 90.47619047619048,
        "time": 1.8625741004943848
    },
    "gpt-4.1": {
        "gt": "mert vnde hadden vorſpoet na der propheciẽ",
        "response": "mert vnᵭe hadden vorspoet na der propheciē",
        "wer": 42.857142857142854,
        "cer": 7.142857142857142,
        "accuracy": 92.85714285714286,
        "time": 1.8841578960418701
    },
    "qwen-2.5-vl-72b": {
        "gt": "mert vnde hadden vorſpoet na der propheciẽ",
        "response": "mert vnde hadden vorſpoet na der prophedie",
        "wer": 14.285714285714285,
        "cer": 4.761904761904762,
        "accuracy": 95.23809523809523,
        "time": 1.928511142730713
    },
    "claude-4-sonnet": {
        "gt": "mert vnde hadden vorſpoet na der propheciẽ",
        "response": "merr vnde hadden vorſpoet na der prophecíe",
        "wer": 28.57142857142857,
        "cer": 7.142857142857142,
        "accuracy": 92.85714285714286,
        "time": 3.0447888374328613
    },
    "claude-4-opus": {
        "gt": "mert vnde hadden vorſpoet na der propheciẽ",
        "response": "mert vnde hadden vorſpoet na der propheciē",
        "wer": 14.285714285714285,
        "cer": 2.380952380952381,
        "accuracy": 97.61904761904762,
        "time": 3.5257091522216797
    },
    "gemini-2.5-flash": {
        "gt": "mert vnde hadden vorſpoet na der propheciẽ",
        "response": "mert ruͤde hadden vonſpoet na der prophedé",
        "wer": 42.857142857142854,
        "cer": 16.666666666666664,
        "accuracy": 85.71428571428571,
        "time": 8.544981956481934
    }
}