{
    "qwen-2.5-vl-72b": {
        "gt": "heliten · vnde na deme cheleab van abyghaill",
        "response": "Heliten ·vnde na deme cheleab van abyghail",
        "wer": 50.0,
        "cer": 6.8181818181818175,
        "accuracy": 93.18181818181817,
        "time": 1.5447139739990234
    },
    "spotlight": {
        "gt": "heliten · vnde na deme cheleab van abyghaill",
        "response": "Heliten vnde na deime cheleab van abryghaill",
        "wer": 50.0,
        "cer": 11.363636363636363,
        "accuracy": 93.18181818181817,
        "time": 1.5412049293518066
    },
    "llama-4-maverick-17b": {
        "gt": "heliten · vnde na deme cheleab van abyghaill",
        "response": "helſten · vnde na deme cheleab van abrghaill",
        "wer": 25.0,
        "cer": 4.545454545454546,
        "accuracy": 95.45454545454545,
        "time": 2.2201461791992188
    },
    "mistral-small": {
        "gt": "heliten · vnde na deme cheleab van abyghaill",
        "response": "Heliten · vnſe na deme cheleab van abryghaill",
        "wer": 37.5,
        "cer": 6.8181818181818175,
        "accuracy": 93.33333333333333,
        "time": 3.613906145095825
    },
    "claude-4-sonnet": {
        "gt": "heliten · vnde na deme cheleab van abyghaill",
        "response": "heliten · vnde na deine cheleab van abyrghaill",
        "wer": 25.0,
        "cer": 6.8181818181818175,
        "accuracy": 93.47826086956522,
        "time": 4.480736017227173
    },
    "claude-4-opus": {
        "gt": "heliten · vnde na deme cheleab van abyghaill",
        "response": "heſiben vnde na deme cheleab van abrghail",
        "wer": 37.5,
        "cer": 13.636363636363635,
        "accuracy": 86.36363636363636,
        "time": 4.612560033798218
    },
    "gpt-4.1": {
        "gt": "heliten · vnde na deme cheleab van abyghaill",
        "response": "theliſſen · vnde na deme cheleab van abvghail",
        "wer": 25.0,
        "cer": 11.363636363636363,
        "accuracy": 91.11111111111111,
        "time": 10.017176151275635
    },
    "gemini-2.5-flash": {
        "gt": "heliten · vnde na deme cheleab van abyghaill",
        "response": "beiliſten vnte na ḋoinechleab van abyghall",
        "wer": 75.0,
        "cer": 29.545454545454547,
        "accuracy": 77.27272727272727,
        "time": 15.161270141601562
    }
}