{
    "Qwen/Qwen2.5-VL-72B-Instruct": {
        "gt": "heliten \u00b7 vnde na deme cheleab van abyghaill",
        "response": "Heliten \u00b7vnde na deme cheleab van abyghail",
        "wer": 50.0,
        "cer": 6.8181818181818175,
        "accuracy": 93.18181818181817,
        "time": 1.5447139739990234
    },
    "arcee-ai/spotlight": {
        "gt": "heliten \u00b7 vnde na deme cheleab van abyghaill",
        "response": "Heliten vnde na deime cheleab van abryghaill",
        "wer": 50.0,
        "cer": 11.363636363636363,
        "accuracy": 93.18181818181817,
        "time": 1.5412049293518066
    },
    "meta-llama/llama-4-maverick-17b-128e-instruct": {
        "gt": "heliten \u00b7 vnde na deme cheleab van abyghaill",
        "response": "hel\u017ften \u00b7 vnde na deme cheleab van abrghaill",
        "wer": 25.0,
        "cer": 4.545454545454546,
        "accuracy": 95.45454545454545,
        "time": 2.2201461791992188
    },
    "mistral-small-2506": {
        "gt": "heliten \u00b7 vnde na deme cheleab van abyghaill",
        "response": "Heliten \u00b7 vn\u017fe na deme cheleab van abryghaill",
        "wer": 37.5,
        "cer": 6.8181818181818175,
        "accuracy": 93.33333333333333,
        "time": 3.613906145095825
    },
    "claude-sonnet-4-20250514": {
        "gt": "heliten \u00b7 vnde na deme cheleab van abyghaill",
        "response": "heliten \u00b7 vnde na deine cheleab van abyrghaill",
        "wer": 25.0,
        "cer": 6.8181818181818175,
        "accuracy": 93.47826086956522,
        "time": 4.480736017227173
    },
    "claude-opus-4-20250514": {
        "gt": "heliten \u00b7 vnde na deme cheleab van abyghaill",
        "response": "he\u017fiben vnde na deme cheleab van abrghail",
        "wer": 37.5,
        "cer": 13.636363636363635,
        "accuracy": 86.36363636363636,
        "time": 4.612560033798218
    },
    "gpt-4.1-2025-04-14": {
        "gt": "heliten \u00b7 vnde na deme cheleab van abyghaill",
        "response": "theli\u017f\u017fen \u00b7 vnde na deme cheleab van abvghail",
        "wer": 25.0,
        "cer": 11.363636363636363,
        "accuracy": 91.11111111111111,
        "time": 10.017176151275635
    },
    "gemini-2.5-flash": {
        "gt": "heliten \u00b7 vnde na deme cheleab van abyghaill",
        "response": "beili\u017ften vnte na \u1e0boinechleab van abyghall",
        "wer": 75.0,
        "cer": 29.545454545454547,
        "accuracy": 77.27272727272727,
        "time": 15.161270141601562
    }
}