{
    "mistral-small-2506": {
        "source": "GT4HistOCR/corpus/EarlyModernLatin/1471-Orthographia-Tortellius",
        "images": 2,
        "avg_wer": 53.74331550802138,
        "avg_cer": 14.313725490196077,
        "avg_accuracy": 87.8940419211091,
        "avg_time": 1.8594406843185425
    },
    "meta-llama/llama-4-scout-17b-16e-instruct": {
        "source": "GT4HistOCR/corpus/EarlyModernLatin/1471-Orthographia-Tortellius",
        "images": 2,
        "avg_wer": 44.919786096256686,
        "avg_cer": 12.627450980392158,
        "avg_accuracy": 91.08974358974359,
        "avg_time": 1.6014806032180786
    },
    "qwen/qwen2.5-vl-72b-instruct:free": {
        "source": "GT4HistOCR/corpus/EarlyModernLatin/1471-Orthographia-Tortellius",
        "images": 2,
        "avg_wer": 40.106951871657756,
        "avg_cer": 9.725490196078432,
        "avg_accuracy": 92.4301494476933,
        "avg_time": 4.1944684982299805
    }
}