{
    "mistral-small": {
        "gt": "99 arma in Phyreum murum inferre.",
        "response": "99 arma in Phyrcum murum inferre.",
        "wer": 16.666666666666664,
        "cer": 3.0303030303030303,
        "accuracy": 96.96969696969697,
        "time": 1.2329819202423096
    },
    "llama-4-maverick-17b": {
        "gt": "99 arma in Phyreum murum inferre.",
        "response": "99 arma in Phyrcum murum inferre.",
        "wer": 16.666666666666664,
        "cer": 3.0303030303030303,
        "accuracy": 96.96969696969697,
        "time": 1.8408310413360596
    },
    "spotlight": {
        "gt": "99 arma in Phyreum murum inferre.",
        "response": "99 arma in Phyrcum murum inferre.",
        "wer": 16.666666666666664,
        "cer": 3.0303030303030303,
        "accuracy": 96.96969696969697,
        "time": 1.998702049255371
    },
    "qwen-2.5-vl-72b": {
        "gt": "99 arma in Phyreum murum inferre.",
        "response": "99 arma in Phyrcum murum inferre.",
        "wer": 16.666666666666664,
        "cer": 3.0303030303030303,
        "accuracy": 96.96969696969697,
        "time": 2.0975818634033203
    },
    "gpt-4.1": {
        "gt": "99 arma in Phyreum murum inferre.",
        "response": "99 arma in Phrycum murum inferre.",
        "wer": 16.666666666666664,
        "cer": 9.090909090909092,
        "accuracy": 93.93939393939394,
        "time": 2.3787760734558105
    },
    "gpt-4o": {
        "gt": "99 arma in Phyreum murum inferre.",
        "response": "99 arma in Phrycum muros inferre.",
        "wer": 33.33333333333333,
        "cer": 15.151515151515152,
        "accuracy": 87.87878787878788,
        "time": 2.56319522857666
    },
    "claude-4-sonnet": {
        "gt": "99 arma in Phyreum murum inferre.",
        "response": "99 arma in Phyrcum murum inferre.",
        "wer": 16.666666666666664,
        "cer": 3.0303030303030303,
        "accuracy": 96.96969696969697,
        "time": 2.9794650077819824
    },
    "gemini-2.5-flash": {
        "gt": "99 arma in Phyreum murum inferre.",
        "response": "99 arma in Phyrrcum murtum inſtre.",
        "wer": 50.0,
        "cer": 18.181818181818183,
        "accuracy": 85.29411764705883,
        "time": 3.304410219192505
    },
    "claude-4-opus": {
        "gt": "99 arma in Phyreum murum inferre.",
        "response": "99 arma in Phyreum murum inferre.",
        "wer": 0.0,
        "cer": 0.0,
        "accuracy": 100.0,
        "time": 3.7254300117492676
    },
    "o4-mini": {
        "gt": "99 arma in Phyreum murum inferre.",
        "response": "99 arma in Phyrcum murum inferre.",
        "wer": 16.666666666666664,
        "cer": 3.0303030303030303,
        "accuracy": 96.96969696969697,
        "time": 8.954456090927124
    },
    "gemini-2.5-pro": {
        "gt": "99 arma in Phyreum murum inferre.",
        "response": "99 arma in Phyrcum murum inſerre.",
        "wer": 33.33333333333333,
        "cer": 6.0606060606060606,
        "accuracy": 93.93939393939394,
        "time": 15.6024808883667
    },
    "horizon-beta": {
        "gt": "99 arma in Phyreum murum inferre.",
        "response": "99  arma  in Phrycum murum inferre.",
        "wer": 16.666666666666664,
        "cer": 15.151515151515152,
        "accuracy": 88.57142857142857,
        "time": 2.281467914581299
    }
}