{
    "mistral-small-2506": {
        "gt": "decim, Ambraciotarum uiginti\u017feptem, Anactoriorum una, ip\u017fo-",
        "response": "dccim, Ambraciotarum uiginti\u017feptem, Anactoriorum una, ip\u017fo.",
        "wer": 33.33333333333333,
        "cer": 3.389830508474576,
        "accuracy": 96.61016949152543,
        "time": 1.3578448295593262
    },
    "arcee-ai/spotlight": {
        "gt": "decim, Ambraciotarum uiginti\u017feptem, Anactoriorum una, ip\u017fo-",
        "response": "decim,Ambraciotorum uigintiseptem,Anactoriorum una,ipso-",
        "wer": 100.0,
        "cer": 10.16949152542373,
        "accuracy": 89.83050847457628,
        "time": 1.6339671611785889
    },
    "Qwen/Qwen2.5-VL-72B-Instruct": {
        "gt": "decim, Ambraciotarum uiginti\u017feptem, Anactoriorum una, ip\u017fo-",
        "response": "decim,Ambraciotarum uigintifeptem,Anactoriorum una, ipfo-",
        "wer": 83.33333333333334,
        "cer": 6.779661016949152,
        "accuracy": 93.22033898305084,
        "time": 1.7311289310455322
    },
    "gpt-4o": {
        "gt": "decim, Ambraciotarum uiginti\u017feptem, Anactoriorum una, ip\u017fo-",
        "response": "dccim, Ambraciotarum uiginti\u017feptem, Anactoriorum una, ip\u017fo\u1fbd",
        "wer": 33.33333333333333,
        "cer": 3.389830508474576,
        "accuracy": 96.61016949152543,
        "time": 2.2996561527252197
    },
    "gpt-4.1-2025-04-14": {
        "gt": "decim, Ambraciotarum uiginti\u017feptem, Anactoriorum una, ip\u017fo-",
        "response": "deccim, Ambraciotarum uiginti\u017feptem, Anac \u017ftoriorum una, ip\u017fo.",
        "wer": 66.66666666666666,
        "cer": 6.779661016949152,
        "accuracy": 93.54838709677419,
        "time": 2.6911752223968506
    },
    "claude-sonnet-4-20250514": {
        "gt": "decim, Ambraciotarum uiginti\u017feptem, Anactoriorum una, ip\u017fo-",
        "response": "decim, Ambraciotarum uiginti\u017feptem, Anacoriorum una, ip\u017fo-",
        "wer": 16.666666666666664,
        "cer": 1.694915254237288,
        "accuracy": 98.30508474576271,
        "time": 3.5548689365386963
    },
    "gemini-2.5-flash": {
        "gt": "decim, Ambraciotarum uiginti\u017feptem, Anactoriorum una, ip\u017fo-",
        "response": "decim, Ambraciotarum uiginti\u017feptem, Anactoriorum una, ip\u017fo.",
        "wer": 16.666666666666664,
        "cer": 1.694915254237288,
        "accuracy": 98.30508474576271,
        "time": 3.7017898559570312
    },
    "claude-opus-4-20250514": {
        "gt": "decim, Ambraciotarum uiginti\u017feptem, Anactoriorum una, ip\u017fo-",
        "response": "decem, Ambraciotarum uigintifeptem, Anactoriorum una, ipfo-",
        "wer": 50.0,
        "cer": 5.084745762711865,
        "accuracy": 94.91525423728814,
        "time": 4.4684789180755615
    },
    "meta-llama/llama-4-maverick-17b-128e-instruct": {
        "gt": "decim, Ambraciotarum uiginti\u017feptem, Anactoriorum una, ip\u017fo-",
        "response": "dccim, Ambraciotarum uigintifeptem, Anactoriiorum una, ip\u017fo.",
        "wer": 66.66666666666666,
        "cer": 6.779661016949152,
        "accuracy": 93.33333333333333,
        "time": 8.041913986206055
    },
    "o4-mini-2025-04-16": {
        "gt": "decim, Ambraciotarum uiginti\u017feptem, Anactoriorum una, ip\u017fo-",
        "response": "dccim, Ambraciotarum uiginti\u017fepte\ua75bem, Anactoriorum una, ip\u017fo.",
        "wer": 50.0,
        "cer": 6.779661016949152,
        "accuracy": 93.44262295081968,
        "time": 20.70819401741028
    },
    "gemini-2.5-pro": {
        "gt": "decim, Ambraciotarum uiginti\u017feptem, Anactoriorum una, ip\u017fo-",
        "response": "decim, Ambraciotarum u\u00edginti\u017feptem, Anactoriorum una, \u00edp\u017fo.",
        "wer": 33.33333333333333,
        "cer": 5.084745762711865,
        "accuracy": 94.91525423728814,
        "time": 32.61675405502319
    }
}