{
    "mistral-small-2506": {
        "source": "GT4HistOCR/corpus/RefCorpus-ENHG-Incunabula/1478-Biblia",
        "images": 5,
        "avg_wer": 50.729437229437224,
        "avg_cer": 13.6759632802186,
        "avg_accuracy": 86.77987166497806,
        "avg_time": 2.019568347930908
    },
    "Qwen/Qwen2.5-VL-72B-Instruct": {
        "source": "GT4HistOCR/corpus/RefCorpus-ENHG-Incunabula/1478-Biblia",
        "images": 5,
        "avg_wer": 41.37229437229438,
        "avg_cer": 10.088121334929845,
        "avg_accuracy": 89.91187866507015,
        "avg_time": 1.7007936477661132
    },
    "arcee-ai/spotlight": {
        "source": "GT4HistOCR/corpus/RefCorpus-ENHG-Incunabula/1478-Biblia",
        "images": 5,
        "avg_wer": 48.04761904761905,
        "avg_cer": 12.864014000184213,
        "avg_accuracy": 88.0450769089067,
        "avg_time": 1.7680243015289308
    },
    "meta-llama/llama-4-maverick-17b-128e-instruct": {
        "source": "GT4HistOCR/corpus/RefCorpus-ENHG-Incunabula/1478-Biblia",
        "images": 5,
        "avg_wer": 49.896103896103895,
        "avg_cer": 17.114156765220592,
        "avg_accuracy": 83.73690706456664,
        "avg_time": 1.7139928340911865
    },
    "gpt-4.1-2025-04-14": {
        "source": "GT4HistOCR/corpus/RefCorpus-ENHG-Incunabula/1478-Biblia",
        "images": 5,
        "avg_wer": 42.6017316017316,
        "avg_cer": 11.136759694206502,
        "avg_accuracy": 90.22816616008106,
        "avg_time": 3.960871362686157
    },
    "claude-sonnet-4-20250514": {
        "source": "GT4HistOCR/corpus/RefCorpus-ENHG-Incunabula/1478-Biblia",
        "images": 5,
        "avg_wer": 41.22943722943723,
        "avg_cer": 15.123177059347274,
        "avg_accuracy": 86.18055592264658,
        "avg_time": 3.743660259246826
    },
    "claude-opus-4-20250514": {
        "source": "GT4HistOCR/corpus/RefCorpus-ENHG-Incunabula/1478-Biblia",
        "images": 5,
        "avg_wer": 33.93290043290043,
        "avg_cer": 10.308900555709066,
        "avg_accuracy": 89.69109944429093,
        "avg_time": 4.127223014831543
    },
    "gemini-2.5-flash": {
        "source": "GT4HistOCR/corpus/RefCorpus-ENHG-Incunabula/1478-Biblia",
        "images": 5,
        "avg_wer": 66.75324675324676,
        "avg_cer": 26.80649043627767,
        "avg_accuracy": 77.13546406312364,
        "avg_time": 10.26406397819519
    }
}