{
    "meta-llama/llama-4-scout-17b-16e-instruct": {
        "gt": "concludunt. \u017f. \u03ba. \u03d6. \u03c4. Tres uero ali\u00e6 cra\u017f\u017f\u00e6 & \u017fpi\u017f\u017f\u00e6: uel ut alii ex no\u017ftris uocant\n",
        "response": "concludunt.\u017f.k.\u03c9.\u03c4. Tres uero ali\u00e6 cra\u017f\u017f\u00e6 & piff\u00e6: uel ut alii ex no\u017ftris uocant",
        "wer": 35.294117647058826,
        "cer": 10.588235294117647,
        "accuracy": 95.0,
        "time": 1.2091310024261475
    },
    "mistral-small-2506": {
        "gt": "concludunt. \u017f. \u03ba. \u03d6. \u03c4. Tres uero ali\u00e6 cra\u017f\u017f\u00e6 & \u017fpi\u017f\u017f\u00e6: uel ut alii ex no\u017ftris uocant\n",
        "response": "concludunt. s.k. \u03c9.\u03c4. Tres vero alix crass\u00e6 & spiss\u00e6: uel ut alii ex nostris uocant",
        "wer": 52.94117647058824,
        "cer": 15.294117647058824,
        "accuracy": 86.74698795180723,
        "time": 2.251779079437256
    },
    "qwen/qwen2.5-vl-72b-instruct:free": {
        "gt": "concludunt. \u017f. \u03ba. \u03d6. \u03c4. Tres uero ali\u00e6 cra\u017f\u017f\u00e6 & \u017fpi\u017f\u017f\u00e6: uel ut alii ex no\u017ftris uocant\n",
        "response": "concludunt.\u03bb.\u03ba.\u03c9.\u03c4. Tres uero alia cra\u017f\u017fa & \u017fpissa: uel ut alii ex nostris uocant",
        "wer": 52.94117647058824,
        "cer": 14.117647058823529,
        "accuracy": 90.12345679012346,
        "time": 4.190016031265259
    }
}