{
    "meta-llama/llama-4-maverick-17b-128e-instruct": {
        "gt": "penitus a\u017fpiratione: nec eam plenam po\u017f\u017fidet: ut \u017fimili modo de b & d e\u017f\u017fe",
        "response": "penitus afpiratione: nec eam plenam poffidet: ut \u017fimili modo de b & d e\u017f\u017fe",
        "wer": 14.285714285714285,
        "cer": 4.054054054054054,
        "accuracy": 95.94594594594594,
        "time": 1.6270568370819092
    },
    "mistral-small-2506": {
        "gt": "penitus a\u017fpiratione: nec eam plenam po\u017f\u017fidet: ut \u017fimili modo de b & d e\u017f\u017fe",
        "response": "penitus a\u017fpiratione: nec eam plenam po\u017fsidet: ut \u017fimili modo deb & de\u017fse",
        "wer": 35.714285714285715,
        "cer": 5.405405405405405,
        "accuracy": 94.5945945945946,
        "time": 1.688425064086914
    },
    "arcee-ai/spotlight": {
        "gt": "penitus a\u017fpiratione: nec eam plenam po\u017f\u017fidet: ut \u017fimili modo de b & d e\u017f\u017fe",
        "response": "penitus aspiratione:nec eam plenam possidet:ut simili modo deb & de\u017f\u017fe",
        "wer": 64.28571428571429,
        "cer": 10.81081081081081,
        "accuracy": 89.1891891891892,
        "time": 2.366875171661377
    },
    "gpt-4o": {
        "gt": "penitus a\u017fpiratione: nec eam plenam po\u017f\u017fidet: ut \u017fimili modo de b & d e\u017f\u017fe",
        "response": "penitus a\u017fpiratione: nec eam plenam po\u017f\u017fidet: ut \u017fimili modo de b & d e\u017f\u017fe",
        "wer": 0.0,
        "cer": 0.0,
        "accuracy": 100.0,
        "time": 3.0085880756378174
    },
    "gpt-4.1-2025-04-14": {
        "gt": "penitus a\u017fpiratione: nec eam plenam po\u017f\u017fidet: ut \u017fimili modo de b & d e\u017f\u017fe",
        "response": "penitus a\u017fpiratione: nec eam plenam po\u017fsidet: ut \u017fimili modo de b & d e\u017f\u017fe",
        "wer": 7.142857142857142,
        "cer": 1.3513513513513513,
        "accuracy": 98.64864864864865,
        "time": 3.1815030574798584
    },
    "Qwen/Qwen2.5-VL-72B-Instruct": {
        "gt": "penitus a\u017fpiratione: nec eam plenam po\u017f\u017fidet: ut \u017fimili modo de b & d e\u017f\u017fe",
        "response": "penitus aspiratione:nec eam plenam possidet:ut simili modo de b & d esse",
        "wer": 42.857142857142854,
        "cer": 10.81081081081081,
        "accuracy": 89.1891891891892,
        "time": 4.245202302932739
    },
    "claude-sonnet-4-20250514": {
        "gt": "penitus a\u017fpiratione: nec eam plenam po\u017f\u017fidet: ut \u017fimili modo de b & d e\u017f\u017fe",
        "response": "penitus a\u017fpiratione: nec eam plenam po\u017f\u017fidet: ut \u017fimili modo de b & d e\u017f\u017fe",
        "wer": 0.0,
        "cer": 0.0,
        "accuracy": 100.0,
        "time": 4.277139902114868
    },
    "gemini-2.5-flash": {
        "gt": "penitus a\u017fpiratione: nec eam plenam po\u017f\u017fidet: ut \u017fimili modo de b & d e\u017f\u017fe",
        "response": "penitus a\u017fpiratione: nec eam plenam po\u017f\u017fidet: ut \u017fimili modo de b & d e\u017f\u017fe",
        "wer": 0.0,
        "cer": 0.0,
        "accuracy": 100.0,
        "time": 6.7560529708862305
    },
    "claude-opus-4-20250514": {
        "gt": "penitus a\u017fpiratione: nec eam plenam po\u017f\u017fidet: ut \u017fimili modo de b & d e\u017f\u017fe",
        "response": "penitus a\u017fpiratione: nec eam plenam po\u017f\u017fidet: ut \u017fimili modo de b & d e\u017f\u017fe",
        "wer": 0.0,
        "cer": 0.0,
        "accuracy": 100.0,
        "time": 7.4217259883880615
    },
    "o4-mini-2025-04-16": {
        "gt": "penitus a\u017fpiratione: nec eam plenam po\u017f\u017fidet: ut \u017fimili modo de b & d e\u017f\u017fe",
        "response": "penitus a\u017fpiratione: nec eam plenam po\u017f\u017fidet: ut \u017fimili modo de b & de\u017f\u017fe",
        "wer": 14.285714285714285,
        "cer": 1.3513513513513513,
        "accuracy": 98.64864864864865,
        "time": 7.841948986053467
    },
    "gemini-2.5-pro": {
        "gt": "penitus a\u017fpiratione: nec eam plenam po\u017f\u017fidet: ut \u017fimili modo de b & d e\u017f\u017fe",
        "response": "penitus a\u017fpiratione:nec eam plenam po\u017f\u017fidet:ut \u017fimili modo de b & d e\u017f\u017fe",
        "wer": 28.57142857142857,
        "cer": 2.7027027027027026,
        "accuracy": 97.2972972972973,
        "time": 34.44007420539856
    },
    "grok-4-0709": {
        "gt": "penitus a\u017fpiratione: nec eam plenam po\u017f\u017fidet: ut \u017fimili modo de b & d e\u017f\u017fe",
        "response": "penitus aspiratione: nec eam plenam possidet: ut simili modo de b & d ef-",
        "wer": 28.57142857142857,
        "cer": 9.45945945945946,
        "accuracy": 90.54054054054053,
        "time": 76.31941986083984
    }
}