{
    "meta-llama/llama-4-maverick-17b-128e-instruct": {
        "source": "GT4HistOCR/corpus/EarlyModernLatin/1483-Decades-Biondo",
        "images": 2,
        "avg_wer": 55.23809523809524,
        "avg_cer": 16.19887730553328,
        "avg_accuracy": 85.73671497584542,
        "avg_time": 1.2410858869552612
    }
}