{
    "llama-4-maverick-17b": {
        "gt": "dem ordinis dignior extitiſſet · Sicut ergo vnꝰ ẽ",
        "response": "Dem ozdimis dignius exticiffec. Sicut ergo rn²",
        "wer": 77.77777777777779,
        "cer": 30.612244897959183,
        "accuracy": 69.38775510204081,
        "time": 0.8296608924865723
    },
    "mistral-small": {
        "gt": "dem ordinis dignior extitiſſet · Sicut ergo vnꝰ ẽ",
        "response": "ſem ornis dignior extiterit. Sicut ergo vn9 ě",
        "wer": 66.66666666666666,
        "cer": 22.448979591836736,
        "accuracy": 79.59183673469387,
        "time": 1.1163849830627441
    },
    "qwen-2.5-vl-72b": {
        "gt": "dem ordinis dignior extitiſſet · Sicut ergo vnꝰ ẽ",
        "response": "dem ordinis dignior extincter · Sicvt ergo vn? é",
        "wer": 44.44444444444444,
        "cer": 16.3265306122449,
        "accuracy": 85.71428571428571,
        "time": 1.8400318622589111
    }
}