{
    "llama-4-maverick-17b": {
        "gt": "vita: ita tñ vel in ſuꝑna inſiliũt: vel in yma deſcẽ",
        "response": "vita : ica cñ vel im fupna infiliūt: vel im yma oefcē",
        "wer": 81.81818181818183,
        "cer": 25.0,
        "accuracy": 75.92592592592592,
        "time": 0.9104878902435303
    },
    "mistral-small": {
        "gt": "vita: ita tñ vel in ſuꝑna inſiliũt: vel in yma deſcẽ",
        "response": "vita : ſică eſ vel in ſupna infiliŭc : vel in ſſma defcē",
        "wer": 81.81818181818183,
        "cer": 28.846153846153843,
        "accuracy": 73.21428571428571,
        "time": 1.2358250617980957
    },
    "qwen-2.5-vl-72b": {
        "gt": "vita: ita tñ vel in ſuꝑna inſiliũt: vel in yma deſcẽ",
        "response": "vita : ica en vel m fupna infiliuit: vel in yma defce",
        "wer": 72.72727272727273,
        "cer": 25.0,
        "accuracy": 77.35849056603774,
        "time": 1.865361213684082
    }
}