{
    "llama-4-maverick-17b": {
        "gt": "ꝙᷓ vera ſuiſſe miracl'a: ſed ꝓdigioſa indicia · ip̃os",
        "response": "ɸ vera fuiffe miracla:ſen poigiofa moicia· ipo",
        "wer": 88.88888888888889,
        "cer": 32.075471698113205,
        "accuracy": 67.9245283018868,
        "time": 1.661757230758667
    }
}