{
    "llama-4-maverick-17b": {
        "gt": "rũ tranſferendis oĩno rẽnuiſſe cognoui · Verum",
        "response": "rū tranſferendʒ oĩo rēnuilTe coʒnoui. Verum",
        "wer": 85.71428571428571,
        "cer": 21.73913043478261,
        "accuracy": 78.26086956521739,
        "time": 2.011122941970825
    },
    "mistral-small": {
        "gt": "rũ tranſferendis oĩno rẽnuiſſe cognoui · Verum",
        "response": "rú tranſferenſis oíno rénuílle cognouí. Verum",
        "wer": 85.71428571428571,
        "cer": 21.73913043478261,
        "accuracy": 78.26086956521739,
        "time": 2.2023658752441406
    },
    "qwen-2.5-vl-72b": {
        "gt": "rũ tranſferendis oĩno rẽnuiſſe cognoui · Verum",
        "response": "rú transferendis oino rénuiffe cognoui· Verum",
        "wer": 85.71428571428571,
        "cer": 15.217391304347828,
        "accuracy": 84.78260869565217,
        "time": 3.7606940269470215
    }
}