{
    "mistral-small": {
        "source": "GT4HistOCR/corpus/RefCorpus-ENHG-Incunabula/1478-Biblia",
        "images": 30,
        "avg_wer": 44.852693602693606,
        "avg_cer": 14.887421369542745,
        "avg_accuracy": 86.20194025469625,
        "avg_time": 1.3311491409937541
    },
    "qwen-2.5-vl-72b": {
        "source": "GT4HistOCR/corpus/RefCorpus-ENHG-Incunabula/1478-Biblia",
        "images": 30,
        "avg_wer": 44.51563251563252,
        "avg_cer": 10.694276396700813,
        "avg_accuracy": 89.84862786729504,
        "avg_time": 3.4099284489949544
    },
    "spotlight": {
        "source": "GT4HistOCR/corpus/RefCorpus-ENHG-Incunabula/1478-Biblia",
        "images": 30,
        "avg_wer": 49.50228475228475,
        "avg_cer": 13.078871654038307,
        "avg_accuracy": 88.08292710762689,
        "avg_time": 1.3984687725702922
    },
    "llama-4-maverick-17b": {
        "source": "GT4HistOCR/corpus/RefCorpus-ENHG-Incunabula/1478-Biblia",
        "images": 30,
        "avg_wer": 50.327681577681574,
        "avg_cer": 14.93975269863232,
        "avg_accuracy": 86.3907738309546,
        "avg_time": 6.396756347020467
    },
    "gpt-4.1": {
        "source": "GT4HistOCR/corpus/RefCorpus-ENHG-Incunabula/1478-Biblia",
        "images": 30,
        "avg_wer": 47.027296777296776,
        "avg_cer": 10.921689182098033,
        "avg_accuracy": 90.55113327100231,
        "avg_time": 1.8679094155629477
    },
    "claude-4-sonnet": {
        "source": "GT4HistOCR/corpus/RefCorpus-ENHG-Incunabula/1478-Biblia",
        "images": 30,
        "avg_wer": 45.00769600769601,
        "avg_cer": 12.147864211581314,
        "avg_accuracy": 88.29998507862686,
        "avg_time": 3.146985332171122
    },
    "claude-4-opus": {
        "source": "GT4HistOCR/corpus/RefCorpus-ENHG-Incunabula/1478-Biblia",
        "images": 30,
        "avg_wer": 38.97366522366522,
        "avg_cer": 10.985958002196508,
        "avg_accuracy": 89.48921272129044,
        "avg_time": 4.111063003540039
    },
    "gemini-2.5-flash": {
        "source": "GT4HistOCR/corpus/RefCorpus-ENHG-Incunabula/1478-Biblia",
        "images": 5,
        "avg_wer": 66.75324675324676,
        "avg_cer": 26.80649043627767,
        "avg_accuracy": 77.13546406312364,
        "avg_time": 10.26406397819519
    },
    "gpt-4o": {
        "source": "GT4HistOCR/corpus/RefCorpus-ENHG-Incunabula/1478-Biblia",
        "images": 30,
        "avg_wer": 46.87602212602212,
        "avg_cer": 13.140646281785058,
        "avg_accuracy": 88.73609682596823,
        "avg_time": 2.1343864758809405
    },
    "gpt-5-mini": {
        "source": "GT4HistOCR/corpus/RefCorpus-ENHG-Incunabula/1478-Biblia",
        "images": 30,
        "avg_wer": 41.16390091390091,
        "avg_cer": 9.514460589452243,
        "avg_accuracy": 91.3856710030481,
        "avg_time": 18.871085143089296
    },
    "gpt-5": {
        "source": "GT4HistOCR/corpus/RefCorpus-ENHG-Incunabula/1478-Biblia",
        "images": 30,
        "avg_wer": 37.34078884078884,
        "avg_cer": 8.588482035960329,
        "avg_accuracy": 92.16137191169669,
        "avg_time": 62.07044111887614
    },
    "glm-4.5v": {
        "source": "GT4HistOCR/corpus/RefCorpus-ENHG-Incunabula/1478-Biblia",
        "images": 30,
        "avg_wer": 67.3025493025493,
        "avg_cer": 20.045098452871937,
        "avg_accuracy": 82.12341974425044,
        "avg_time": 7.240631993611654
    }
}