{
    "openrouter/horizon-alpha": {
        "gt": "exilitatis \u017ftatuere. Nam omnis dictio apud illos a uocali incipiens uel nota a\u017fpi-",
        "response": "exilitatis \u017ftatuer e. Nam omnis dictio apud illos a uocali incipiens uel nota a\u017fpi\u2019",
        "wer": 23.076923076923077,
        "cer": 2.4390243902439024,
        "accuracy": 97.59036144578313,
        "time": 7.469755172729492
    }
}