{
    "openrouter/horizon-alpha": {
        "gt": "agceps pro anceps: Agchi\u017fes \ua753 Anchi\u017fes & \u017fimila: qu\u00e6 omnia Accium no\u017ftr\u0169 ob-",
        "response": "agceps pro anceps: Agchi\u017fes \ua751 Anchifes & \u017fimilia : qu\u00e6 omnia Accium no\u017ftr\u016b obv",
        "wer": 46.15384615384615,
        "cer": 7.894736842105263,
        "accuracy": 92.3076923076923,
        "time": 68.35657382011414
    }
}