{
    "openrouter/horizon-alpha": {
        "gt": "neglexer\u0169t. Ponimus igit\u1dd1 a\u017fpirationis not\u00e3 ante uocales om\u1ebds: \u017fed po\u017ft c\u00f5\u017fon\u00e3tes",
        "response": "neglexer\u016bt. Ponimus igit\u1dd1 aspirationis not\u0101 ante uocales om\u0113s: \u017fed po\u017ft co\u017f\u017fonantes",
        "wer": 45.45454545454545,
        "cer": 9.876543209876543,
        "accuracy": 90.36144578313254,
        "time": 2.3832859992980957
    }
}