{
    "openrouter/horizon-alpha": {
        "gt": "\u03b1\u03c0\u03bf\u03bb\u03bb\u03c9\u03bd \u03b1\u03c5\u03b3\u03bf\u1fe6\u03c3\u03c4\u03b9\u03bd\u03bf\u03c3: & in aliis modo c\u00f5\u017fimili. At uero \u017fupra c\u00f5\u017fonantes nulla",
        "response": "\u03b1\u03c0\u03bf\u03bb\u03bb\u03c9\u03bd \u03b1\u03c5\u03b3\u03bf\u03c5\u03c3\u03c4\u03b9\u03bd\u03bf\u03c2: & in aliis modo confidimi. At uero \u017fupra con\u017fonantes nulla",
        "wer": 25.0,
        "cer": 11.688311688311687,
        "accuracy": 88.60759493670885,
        "time": 2.1818110942840576
    }
}