{
    "openrouter/horizon-alpha": {
        "gt": "ut halitus hanelitus: facio feci: ago egi: iacio ieci: frango fregi: capio c\u00e6pi: quod c\u0169",
        "response": "ut halitus haneltrus;facit:o feci:ago egi:naci\u014d i\u0113ci:frango fregi:capio c\u00e6pi:quod c\u016b",
        "wer": 86.66666666666667,
        "cer": 17.045454545454543,
        "accuracy": 86.36363636363636,
        "time": 2.2228569984436035
    }
}