{
    "openrouter/horizon-alpha": {
        "gt": "quod digamma \u00e6olicum erat: in dictionibus no\u017ftris primum pro eo quod nunc",
        "response": "quod digamma \u00e6olicum erat : in dictionibus no\u017ftris primum pro eo quod nunc",
        "wer": 16.666666666666664,
        "cer": 1.36986301369863,
        "accuracy": 98.64864864864865,
        "time": 8.0816810131073
    }
}