{
    "openrouter/horizon-alpha": {
        "gt": "te\u017fte Pri\u017fciano tran\u017fit e correpta in a correptam: ut \u017fero \u017fatus: reor ratus: \u0129 e pro",
        "response": "te\u017fte Pri\u017fciano tran\u017fit e correpta in a correptam: ut \u017fero \u017fatus: reor ratus: i e pro",
        "wer": 6.25,
        "cer": 1.1764705882352942,
        "accuracy": 98.82352941176471,
        "time": 121.8103277683258
    }
}