{
    "openrouter/horizon-alpha": {
        "gt": "o. \u017fcribimus: per e antiqui no\u017ftri te\u017fte Fe\u017fto \u017fcribebant: Vt qu\u00e3de pro quando: die",
        "response": "o. \u017fcribim:us: per e antiqui no\u017ftri te\u017fte Fe\u017fto \u017fcribebant: Vt qu\u00e6 de pro quando: die",
        "wer": 21.428571428571427,
        "cer": 3.614457831325301,
        "accuracy": 96.47058823529412,
        "time": 2.3593859672546387
    }
}