{
    "openrouter/horizon-alpha": {
        "gt": "uetu\u017ftiores te\u017fte Papyriano \u017f\u00e6pi\u017f\u017fime e \u017fcriptitabant. Auger pro augur: auge-",
        "response": "uetustiores te\u017fte Papyriano \u017f\u00e6pi\u017f\u017fime e\u017fcriptitabant. Auger pro augur: auge-",
        "wer": 30.0,
        "cer": 2.5974025974025974,
        "accuracy": 97.40259740259741,
        "time": 3.8161849975585938
    }
}