{
    "openrouter/horizon-alpha": {
        "gt": "Ver\u0169 \u017fequente. f. \u017folet etiam b in ip\u017fum. f. tran\u017fire: ut officio: \u017fufficio: \u017fuffio. It\u1ebd",
        "response": "Ver\u00f9 \u017fequent\u1ebd. f. \u017folct eti\u00e3 b in ip\u017fum . f. tran\u017fire: ut offic\u00edo: \u017fufficio: \u017fuffio . Ir\u00e9",
        "wer": 66.66666666666666,
        "cer": 11.363636363636363,
        "accuracy": 89.8876404494382,
        "time": 3.14909291267395
    }
}