{
    "openrouter/horizon-alpha": {
        "gt": "ante. t. in principio \u017fyllab\u00e6: hoc \u1ebd & \u0129 eadem \u017fyllaba \u0129ueniri n\u00f5 pote\u017ft: qu\u1ebdadmod\u0169",
        "response": "ante. t. in principio \u017fyllab\u00e6: hoc e\u017ft & i eadem \u017fyllaba inueni n\u014d pote\u017ft: qu\u00e6admod\u0169",
        "wer": 33.33333333333333,
        "cer": 12.048192771084338,
        "accuracy": 90.47619047619048,
        "time": 3.3172500133514404
    }
}