{
    "openrouter/horizon-alpha": {
        "gt": "ob\u017feru\u00e3ti\u017f\u017fime \u017feruauerunt: Vt \u03bb\u03ad\u03b9\u03b2\u03c9: quod in pr\u00e6terito actiui. b. in. p. ante. s. c\u00f5-",
        "response": "ob\u017fcruanti\u017f\u017fime \u017feruauerunt: Vt \u03bb\u03b5\u03af\u03b2\u03b5\u03c9: quod in pr\u00e6t\u00e9rito actiu:b.in.p.ante.s.co\u1fe6",
        "wer": 71.42857142857143,
        "cer": 19.767441860465116,
        "accuracy": 82.55813953488372,
        "time": 2.2430288791656494
    }
}