{
    "openrouter/horizon-alpha": {
        "gt": "ex no\u017ftris n\u00f5nulli & fordeum & f\u0153dus c\u0169. f. \ua753 hordeum & h\u00e6dus \u017fcribeb\u00e3t. Ve\ua776",
        "response": "ex no\u017ftris nonulli & fordeum & \u017fa\u0111us cu\u017f. p hordeum & haedus \u017ferebeba\u0163. Vego",
        "wer": 53.333333333333336,
        "cer": 22.36842105263158,
        "accuracy": 80.26315789473685,
        "time": 2.231023073196411
    }
}