{
    "openrouter/horizon-alpha": {
        "gt": "\u017fcrip\u017fi. Nam \ua757\u1dd3uis analogia \ua751. b. eti\u00e3 in praterito cogit \u017fcribere: euphonia tam\u1ebd Pli-",
        "response": "\u017fcrip\u017fi. Nam quis analogia p.b. etai in pr\u0153terito cogi\u017f \u017fcribere: euphonia tamen Pli",
        "wer": 57.14285714285714,
        "cer": 12.790697674418606,
        "accuracy": 89.53488372093024,
        "time": 7.361752986907959
    }
}