{
    "openrouter/horizon-alpha": {
        "gt": "dictio\u1ebds no\u017ftras & gr\u00e6cas differ\u1ebdtia notaret\u1dd1 loco ph: in dictionibus no\u017ftris dig\u00e3ma",
        "response": "dictiones no\u017ftras & gr\u00e6cas differentia notaret loco ph: in dictionibus no\u017ftris digama",
        "wer": 33.33333333333333,
        "cer": 7.142857142857142,
        "accuracy": 94.11764705882352,
        "time": 2.055986166000366
    }
}