{
    "openrouter/horizon-alpha": {
        "gt": "mutam e\u017f\u017fe uoluit: T\u0169 \ua757a loco mut\u00e6 iam ponitur: hoc \u1ebd p & h. Tum \ua757a terminalis",
        "response": "mutam e\u017f\u017fe uoluit: Tum q\u0323a loco mut\u00e6 iam ponitur: hoc e\u0305p\u0305 d\u0305 h\u0305. Tum q\u0323a terminalis",
        "wer": 41.17647058823529,
        "cer": 15.384615384615385,
        "accuracy": 85.71428571428571,
        "time": 2.6003310680389404
    }
}