{
    "openrouter/horizon-alpha": {
        "gt": "con\u017fules in plurali notar\u1ebdt uidelicet. CONS. \u017fed h\u00e6c Hactenus. Sane tran\u017fit. c. \ua751",
        "response": "consules in plurali notaret uidelicet : CONS. \u017fed haec Hactenus. Sane tran\u017fit. c. p.",
        "wer": 46.15384615384615,
        "cer": 9.876543209876543,
        "accuracy": 90.47619047619048,
        "time": 2.033802032470703
    }
}