{
    "openrouter/horizon-alpha": {
        "gt": "\u017fcribi deb\u1ebdt: qu\u00e6 te\u017fte Seruio in uoce ip\u017fius. g. \ua753ferre habemus: qua\ua776 prima cum",
        "response": "\u017fcribi debet: qu\u00e6 te\u017fte Servio in voce ip\u017fius. g. plerre habemus: quar\u016b prima cum",
        "wer": 35.714285714285715,
        "cer": 8.75,
        "accuracy": 91.35802469135803,
        "time": 2.6393141746520996
    }
}