{
    "openrouter/horizon-alpha": {
        "gt": "e\u017ft: & confe\u017f\u017fis quoq; gr\u00e6cis uerbis utimur: ubi no\u017ftra de\u017funt. Sicut illi nonnun\ua757\u1dd3",
        "response": "e\u017ft: & confe\u017f\u017fis quoque gr\u00e6cis uerbis utimur: ubi no\u017ftra de\u017funt. Sicut illi nonnunq\u0303",
        "wer": 15.384615384615385,
        "cer": 4.819277108433735,
        "accuracy": 95.23809523809523,
        "time": 2.484985113143921
    }
}