{
    "llama-4-maverick-17b": {
        "gt": "tibus oſtendemus.",
        "response": "rabus oftendemus.",
        "wer": 100.0,
        "cer": 17.647058823529413,
        "accuracy": 82.35294117647058,
        "time": 1.050994873046875
    },
    "mistral-small": {
        "gt": "tibus oſtendemus.",
        "response": "ſibus ſtendēmus.",
        "wer": 100.0,
        "cer": 17.647058823529413,
        "accuracy": 82.35294117647058,
        "time": 1.2030909061431885
    },
    "qwen-2.5-vl-72b": {
        "gt": "tibus oſtendemus.",
        "response": "ribus oſtendemus.",
        "wer": 50.0,
        "cer": 5.88235294117647,
        "accuracy": 94.11764705882352,
        "time": 1.3394689559936523
    },
    "gpt-4o": {
        "gt": "tibus oſtendemus.",
        "response": "tibus oſtendemus.",
        "wer": 0.0,
        "cer": 0.0,
        "accuracy": 100.0,
        "time": 1.3639369010925293
    },
    "gpt-4.1": {
        "gt": "tibus oſtendemus.",
        "response": "tibus oſtendemus.",
        "wer": 0.0,
        "cer": 0.0,
        "accuracy": 100.0,
        "time": 1.3833379745483398
    },
    "spotlight": {
        "gt": "tibus oſtendemus.",
        "response": "ribus oſtendemus.",
        "wer": 50.0,
        "cer": 5.88235294117647,
        "accuracy": 94.11764705882352,
        "time": 1.7773749828338623
    },
    "claude-4-sonnet": {
        "gt": "tibus oſtendemus.",
        "response": "ſibus oſtendemus.",
        "wer": 50.0,
        "cer": 5.88235294117647,
        "accuracy": 94.11764705882352,
        "time": 2.5095579624176025
    },
    "claude-4-opus": {
        "gt": "tibus oſtendemus.",
        "response": "abus oſtendemus.",
        "wer": 50.0,
        "cer": 11.76470588235294,
        "accuracy": 88.23529411764706,
        "time": 3.233152151107788
    },
    "gemini-2.5-flash": {
        "gt": "tibus oſtendemus.",
        "response": "tibus oſtendemus.",
        "wer": 0.0,
        "cer": 0.0,
        "accuracy": 100.0,
        "time": 4.361905097961426
    },
    "o4-mini": {
        "gt": "tibus oſtendemus.",
        "response": "nibus oſtendemus.",
        "wer": 50.0,
        "cer": 5.88235294117647,
        "accuracy": 94.11764705882352,
        "time": 4.350276947021484
    },
    "gemini-2.5-pro": {
        "gt": "tibus oſtendemus.",
        "response": "tibus oſtendemus.",
        "wer": 0.0,
        "cer": 0.0,
        "accuracy": 100.0,
        "time": 12.861011981964111
    },
    "horizon-beta": {
        "gt": "tibus oſtendemus.",
        "response": "tibus oſtendemus.",
        "wer": 0.0,
        "cer": 0.0,
        "accuracy": 100.0,
        "time": 1.9141690731048584
    }
}