{
    "openrouter/horizon-alpha": {
        "gt": "\u017fignificatione eius uerbi e\u017f\u017fe uidebitur: ut id idem in mille aliis c\u00f5tingit. Rur\u017fum",
        "response": "\u017fignificatione eius verbi e\u017f\u017fe uidebitur: ut id idem in mille aliis contingit. Ru\u017f\u017fum",
        "wer": 23.076923076923077,
        "cer": 4.761904761904762,
        "accuracy": 95.29411764705881,
        "time": 2.2328522205352783
    }
}