{
    "openrouter/horizon-alpha": {
        "gt": "quod re\u017fpondentes dicunt: quia nec \u017fic a\u017fpiratio ip\u017fi. r. coh\u00e6ret \u017ficut & pr\u00e6fatis",
        "response": "quod re\u017fpondentes dicunt : quia nec \u017fic a\u017fpiratio ip\u017fi.r.coh\u00e6ret \u017ficut & praefaris",
        "wer": 46.15384615384615,
        "cer": 7.317073170731707,
        "accuracy": 95.1219512195122,
        "time": 2.7472691535949707
    }
}