{
    "openrouter/horizon-alpha": {
        "gt": "pluribus \u017fyllabis qua\u017fdam uocare uoluerunt: c\u0169 littera pars \u017fit minima uocis",
        "response": "pluribus \u017fyllabis qua\u017fdam uocare uoluerunt: cui littera pars \u017fit minima uocis",
        "wer": 9.090909090909092,
        "cer": 2.631578947368421,
        "accuracy": 97.40259740259741,
        "time": 2.693547010421753
    }
}