{
    "openrouter/horizon-alpha": {
        "gt": "mutis: nec \u017fi ab hac lr\u0303a tollatur \u017fignification\u1ebd minuit: n\u00e3 \ua757\u1dd3uis \u017fubtracta a\u017fpirat\u00f5e",
        "response": "muris: nec \u017fi ab hac litera tollatur \u017fignificatione\u0301 minuit: na\u0304 qu\u012bs \u017fubtracta a\u017fpiratioe",
        "wer": 46.15384615384615,
        "cer": 16.27906976744186,
        "accuracy": 86.66666666666667,
        "time": 2.3241982460021973
    }
}