{
    "openrouter/horizon-alpha": {
        "gt": "\u017fane qu\u00e6\u017ftion\u1ebd facile di\u017f\u017foluere po\u017f\u017fumus: \u017fi accidentia litter\u00e6 dis\u017ftinguamus: qu\u00e6",
        "response": "Hane qu\u00e6tione facile dissoluere po\u017f\u017fumus: \u017fi accidentia litter\u00e6 di\u017ftinguamus: qu\u00e6",
        "wer": 40.0,
        "cer": 7.228915662650602,
        "accuracy": 92.7710843373494,
        "time": 2.3216049671173096
    }
}