{
    "openrouter/horizon-alpha": {
        "gt": "ip\u017fi litter\u00e6 proprio c\u00f5\u017fi\u017ftit. Nam \u017fi balneum dicimus: aut marti\u0169 labor\u1ebd efferi\u0169s:",
        "response": "ip\u017fi litter\u00e6 proprio con\u017fi\u017ftit. Nam \u017fi balneum dicimus: aut marti\u016b labore effici\u016bs:",
        "wer": 33.33333333333333,
        "cer": 8.536585365853659,
        "accuracy": 91.56626506024097,
        "time": 62.418065786361694
    }
}