{
    "openrouter/horizon-alpha": {
        "gt": "uoce littera ip\u017fa \u017fua ui & pote\u017ftate \u0129diui\u017fibilis: hoc e\u017ft n\u00f5 \u0129 aliam litter\u00e3 re\u017folubilis",
        "response": "uoce littera ip\u017fa \u017fuaui & pote\u017ftate indiui\u017fibilis: ho\u035ec e\u017ft no\u035ei aliam litter\u0101 re\u017folubilis",
        "wer": 46.666666666666664,
        "cer": 8.98876404494382,
        "accuracy": 92.22222222222223,
        "time": 2.3793931007385254
    }
}