{
    "meta-llama/llama-4-maverick-17b-128e-instruct": {
        "gt": "\u00f0 lebet bey des key\u017fers decius \u0292eyt\u1ebd. da wurd\u1ebd",
        "response": "\ud835\udd07lebet bey \ud835\udd21es \ud835\udd0eey\ud835\udd23ers Decius zeyt\u0113. \ud835\udd07a wurde\u2026",
        "wer": 88.88888888888889,
        "cer": 23.91304347826087,
        "accuracy": 78.26086956521739,
        "time": 1.0579230785369873
    }
}