{
  "mistral-small": {
    "gt": "99 arma in Phyreum murum inferre.",
    "response": "99 arma in Phyrcum murum inferre.",
    "wer": 16.666666666666664,
    "cer": 3.0303030303030303,
    "accuracy": 96.96969696969697,
    "time": 1.2329819202423096,
    "diffs": [
      [
        0,
        "99 arma in Phyr"
      ],
      [
        -1,
        "e"
      ],
      [
        1,
        "c"
      ],
      [
        0,
        "um murum inferre."
      ]
    ],
    "matches": 32,
    "deletions": 1,
    "insertions": 1
  },
  "llama-4-maverick-17b": {
    "gt": "99 arma in Phyreum murum inferre.",
    "response": "99 arma in Phyrcum murum inferre.",
    "wer": 16.666666666666664,
    "cer": 3.0303030303030303,
    "accuracy": 96.96969696969697,
    "time": 1.8408310413360596,
    "diffs": [
      [
        0,
        "99 arma in Phyr"
      ],
      [
        -1,
        "e"
      ],
      [
        1,
        "c"
      ],
      [
        0,
        "um murum inferre."
      ]
    ],
    "matches": 32,
    "deletions": 1,
    "insertions": 1
  },
  "spotlight": {
    "gt": "99 arma in Phyreum murum inferre.",
    "response": "99 arma in Phyrcum murum inferre.",
    "wer": 16.666666666666664,
    "cer": 3.0303030303030303,
    "accuracy": 96.96969696969697,
    "time": 1.998702049255371,
    "diffs": [
      [
        0,
        "99 arma in Phyr"
      ],
      [
        -1,
        "e"
      ],
      [
        1,
        "c"
      ],
      [
        0,
        "um murum inferre."
      ]
    ],
    "matches": 32,
    "deletions": 1,
    "insertions": 1
  },
  "qwen-2.5-vl-72b": {
    "gt": "99 arma in Phyreum murum inferre.",
    "response": "99 arma in Phyrcum murum inferre.",
    "wer": 16.666666666666664,
    "cer": 3.0303030303030303,
    "accuracy": 96.96969696969697,
    "time": 2.0975818634033203,
    "diffs": [
      [
        0,
        "99 arma in Phyr"
      ],
      [
        -1,
        "e"
      ],
      [
        1,
        "c"
      ],
      [
        0,
        "um murum inferre."
      ]
    ],
    "matches": 32,
    "deletions": 1,
    "insertions": 1
  },
  "gpt-4.1": {
    "gt": "99 arma in Phyreum murum inferre.",
    "response": "99 arma in Phrycum murum inferre.",
    "wer": 16.666666666666664,
    "cer": 9.090909090909092,
    "accuracy": 93.93939393939394,
    "time": 2.3787760734558105,
    "diffs": [
      [
        0,
        "99 arma in Ph"
      ],
      [
        -1,
        "yre"
      ],
      [
        1,
        "ryc"
      ],
      [
        0,
        "um murum inferre."
      ]
    ],
    "matches": 30,
    "deletions": 3,
    "insertions": 3
  },
  "gpt-4o": {
    "gt": "99 arma in Phyreum murum inferre.",
    "response": "99 arma in Phrycum muros inferre.",
    "wer": 33.33333333333333,
    "cer": 15.151515151515152,
    "accuracy": 87.87878787878788,
    "time": 2.56319522857666,
    "diffs": [
      [
        0,
        "99 arma in Ph"
      ],
      [
        -1,
        "yre"
      ],
      [
        1,
        "ryc"
      ],
      [
        0,
        "um mur"
      ],
      [
        -1,
        "um"
      ],
      [
        1,
        "os"
      ],
      [
        0,
        " inferre."
      ]
    ],
    "matches": 28,
    "deletions": 5,
    "insertions": 5
  },
  "claude-4-sonnet": {
    "gt": "99 arma in Phyreum murum inferre.",
    "response": "99 arma in Phyrcum murum inferre.",
    "wer": 16.666666666666664,
    "cer": 3.0303030303030303,
    "accuracy": 96.96969696969697,
    "time": 2.9794650077819824,
    "diffs": [
      [
        0,
        "99 arma in Phyr"
      ],
      [
        -1,
        "e"
      ],
      [
        1,
        "c"
      ],
      [
        0,
        "um murum inferre."
      ]
    ],
    "matches": 32,
    "deletions": 1,
    "insertions": 1
  },
  "gemini-2.5-flash": {
    "gt": "99 arma in Phyreum murum inferre.",
    "response": "99 arma in Phyrrcum murtum inſtre.",
    "wer": 50.0,
    "cer": 18.181818181818183,
    "accuracy": 85.29411764705883,
    "time": 3.304410219192505,
    "diffs": [
      [
        0,
        "99 arma in Phyr"
      ],
      [
        -1,
        "e"
      ],
      [
        1,
        "rc"
      ],
      [
        0,
        "um mur"
      ],
      [
        1,
        "t"
      ],
      [
        0,
        "um in"
      ],
      [
        -1,
        "fer"
      ],
      [
        1,
        "ſt"
      ],
      [
        0,
        "re."
      ]
    ],
    "matches": 29,
    "deletions": 4,
    "insertions": 5
  },
  "claude-4-opus": {
    "gt": "99 arma in Phyreum murum inferre.",
    "response": "99 arma in Phyreum murum inferre.",
    "wer": 0.0,
    "cer": 0.0,
    "accuracy": 100.0,
    "time": 3.7254300117492676,
    "diffs": [
      [
        0,
        "99 arma in Phyreum murum inferre."
      ]
    ],
    "matches": 33,
    "deletions": 0,
    "insertions": 0
  },
  "o4-mini": {
    "gt": "99 arma in Phyreum murum inferre.",
    "response": "99 arma in Phyrcum murum inferre.",
    "wer": 16.666666666666664,
    "cer": 3.0303030303030303,
    "accuracy": 96.96969696969697,
    "time": 8.954456090927124,
    "diffs": [
      [
        0,
        "99 arma in Phyr"
      ],
      [
        -1,
        "e"
      ],
      [
        1,
        "c"
      ],
      [
        0,
        "um murum inferre."
      ]
    ],
    "matches": 32,
    "deletions": 1,
    "insertions": 1
  },
  "gemini-2.5-pro": {
    "gt": "99 arma in Phyreum murum inferre.",
    "response": "99 arma in Phyrcum murum inſerre.",
    "wer": 33.33333333333333,
    "cer": 6.0606060606060606,
    "accuracy": 93.93939393939394,
    "time": 15.6024808883667,
    "diffs": [
      [
        0,
        "99 arma in Phyr"
      ],
      [
        -1,
        "e"
      ],
      [
        1,
        "c"
      ],
      [
        0,
        "um murum in"
      ],
      [
        -1,
        "f"
      ],
      [
        1,
        "ſ"
      ],
      [
        0,
        "erre."
      ]
    ],
    "matches": 31,
    "deletions": 2,
    "insertions": 2
  },
  "gpt-5-mini": {
    "gt": "99 arma in Phyreum murum inferre.",
    "response": "99 arma in Phyrcum murum inferre.",
    "wer": 16.666666666666664,
    "cer": 3.0303030303030303,
    "accuracy": 96.96969696969697,
    "time": 17.684568881988525,
    "diffs": [
      [
        0,
        "99 arma in Phyr"
      ],
      [
        -1,
        "e"
      ],
      [
        1,
        "c"
      ],
      [
        0,
        "um murum inferre."
      ]
    ],
    "matches": 32,
    "deletions": 1,
    "insertions": 1
  },
  "gpt-5": {
    "gt": "99 arma in Phyreum murum inferre.",
    "response": "99 arma in Phrycum murum inferre.",
    "wer": 16.666666666666664,
    "cer": 9.090909090909092,
    "accuracy": 93.93939393939394,
    "time": 29.78070902824402,
    "diffs": [
      [
        0,
        "99 arma in Ph"
      ],
      [
        -1,
        "yre"
      ],
      [
        1,
        "ryc"
      ],
      [
        0,
        "um murum inferre."
      ]
    ],
    "matches": 30,
    "deletions": 3,
    "insertions": 3
  },
  "glm-4.5v": {
    "gt": "99 arma in Phyreum murum inferre.",
    "response": "99 arma in Phyrcum murum inferre.",
    "wer": 16.666666666666664,
    "cer": 3.0303030303030303,
    "accuracy": 96.96969696969697,
    "time": 3.905822992324829,
    "diffs": [
      [
        0,
        "99 arma in Phyr"
      ],
      [
        -1,
        "e"
      ],
      [
        1,
        "c"
      ],
      [
        0,
        "um murum inferre."
      ]
    ],
    "matches": 32,
    "deletions": 1,
    "insertions": 1
  },
  "mistral-medium-3.1": {
    "gt": "99 arma in Phyreum murum inferre.",
    "response": "99 arma in Phyrgum murum inferre.",
    "wer": 16.666666666666664,
    "cer": 3.0303030303030303,
    "accuracy": 96.96969696969697,
    "time": 1.1720850467681885,