{
    "llama-4-maverick-17b": {
        "source": "GT4HistOCR/corpus/EarlyModernLatin/1476-SpeculumNaturale-Beauvais",
        "images": 5,
        "avg_wer": 84.83982683982684,
        "avg_cer": 28.135369406170998,
        "avg_accuracy": 73.20177656332791,
        "avg_time": 1.328604030609131
    },
    "mistral-small": {
        "source": "GT4HistOCR/corpus/EarlyModernLatin/1476-SpeculumNaturale-Beauvais",
        "images": 3,
        "avg_wer": 78.06637806637806,
        "avg_cer": 24.344754624257728,
        "avg_accuracy": 77.02233067139899,
        "avg_time": 1.518191973368327
    },
    "qwen-2.5-vl-72b": {
        "source": "GT4HistOCR/corpus/EarlyModernLatin/1476-SpeculumNaturale-Beauvais",
        "images": 3,
        "avg_wer": 67.62866762866763,
        "avg_cer": 18.847973972197575,
        "avg_accuracy": 82.61846165865855,
        "avg_time": 2.4886957009633384
    }
}