{
    "mistral-small-2506": {
        "source": "GT4HistOCR/corpus/EarlyModernLatin/1564-Thucydides-Valla",
        "images": 45,
        "avg_wer": 32.05563572230239,
        "avg_cer": 9.2976175118042,
        "avg_accuracy": 91.07847971365673,
        "avg_time": 1.401171498828464
    },
    "arcee-ai/spotlight": {
        "source": "GT4HistOCR/corpus/EarlyModernLatin/1564-Thucydides-Valla",
        "images": 45,
        "avg_wer": 34.51483084816418,
        "avg_cer": 7.6292259827338365,
        "avg_accuracy": 92.49082646445736,
        "avg_time": 1.6172298007541233
    },
    "gpt-4.1-2025-04-14": {
        "source": "GT4HistOCR/corpus/EarlyModernLatin/1564-Thucydides-Valla",
        "images": 45,
        "avg_wer": 16.759098925765592,
        "avg_cer": 4.745712407385109,
        "avg_accuracy": 95.6525402544306,
        "avg_time": 1.9746390130784777
    },
    "meta-llama/llama-4-maverick-17b-128e-instruct": {
        "source": "GT4HistOCR/corpus/EarlyModernLatin/1564-Thucydides-Valla",
        "images": 45,
        "avg_wer": 41.49502966169633,
        "avg_cer": 9.328249501012854,
        "avg_accuracy": 91.08691910127892,
        "avg_time": 1.4577491336398654
    },
    "gpt-4o": {
        "source": "GT4HistOCR/corpus/EarlyModernLatin/1564-Thucydides-Valla",
        "images": 45,
        "avg_wer": 20.984287317620648,
        "avg_cer": 6.783723670738862,
        "avg_accuracy": 94.35630740838795,
        "avg_time": 2.23408645523919
    },
    "Qwen/Qwen2.5-VL-72B-Instruct": {
        "source": "GT4HistOCR/corpus/EarlyModernLatin/1564-Thucydides-Valla",
        "images": 45,
        "avg_wer": 41.63139329805996,
        "avg_cer": 7.429006733615094,
        "avg_accuracy": 92.80666418820186,
        "avg_time": 2.694529167811076
    },
    "claude-sonnet-4-20250514": {
        "source": "GT4HistOCR/corpus/EarlyModernLatin/1564-Thucydides-Valla",
        "images": 45,
        "avg_wer": 21.61391694725028,
        "avg_cer": 7.304481786933797,
        "avg_accuracy": 94.02037054392177,
        "avg_time": 4.746180131700304
    },
    "gemini-2.5-flash": {
        "source": "GT4HistOCR/corpus/EarlyModernLatin/1564-Thucydides-Valla",
        "images": 45,
        "avg_wer": 32.246753246753244,
        "avg_cer": 10.11544558324125,
        "avg_accuracy": 90.42130226673359,
        "avg_time": 5.311310370763143
    },
    "claude-opus-4-20250514": {
        "source": "GT4HistOCR/corpus/EarlyModernLatin/1564-Thucydides-Valla",
        "images": 45,
        "avg_wer": 18.899230399230397,
        "avg_cer": 8.817482808825508,
        "avg_accuracy": 94.680944689602,
        "avg_time": 5.025606102413601
    },
    "o4-mini-2025-04-16": {
        "source": "GT4HistOCR/corpus/EarlyModernLatin/1564-Thucydides-Valla",
        "images": 45,
        "avg_wer": 28.433702100368766,
        "avg_cer": 7.4024515937599356,
        "avg_accuracy": 93.37119368408526,
        "avg_time": 18.479842874738907
    },
    "gemini-2.5-pro": {
        "source": "GT4HistOCR/corpus/EarlyModernLatin/1564-Thucydides-Valla",
        "images": 45,
        "avg_wer": 31.973865640532306,
        "avg_cer": 10.617079873370155,
        "avg_accuracy": 92.32721304521439,
        "avg_time": 32.7386807653639
    }
}