{
    "mistral-small": {
        "source": "GT4HistOCR/corpus/EarlyModernLatin/1564-Thucydides-Valla",
        "images": 58,
        "avg_wer": 32.248594317559835,
        "avg_cer": 8.362065842702526,
        "avg_accuracy": 91.99533595687504,
        "avg_time": 1.548311759685648
    },
    "spotlight": {
        "source": "GT4HistOCR/corpus/EarlyModernLatin/1564-Thucydides-Valla",
        "images": 58,
        "avg_wer": 36.79479524307111,
        "avg_cer": 7.59310851551401,
        "avg_accuracy": 92.57680442489867,
        "avg_time": 1.5661354887074437
    },
    "gpt-4.1": {
        "source": "GT4HistOCR/corpus/EarlyModernLatin/1564-Thucydides-Valla",
        "images": 58,
        "avg_wer": 20.385194307608103,
        "avg_cer": 6.342830606282259,
        "avg_accuracy": 95.19287089218138,
        "avg_time": 1.9312105302152962
    },
    "llama-4-maverick-17b": {
        "source": "GT4HistOCR/corpus/EarlyModernLatin/1564-Thucydides-Valla",
        "images": 58,
        "avg_wer": 42.1545504304125,
        "avg_cer": 9.169200633715327,
        "avg_accuracy": 91.19374617380679,
        "avg_time": 1.8778129774948646
    },
    "gpt-4o": {
        "source": "GT4HistOCR/corpus/EarlyModernLatin/1564-Thucydides-Valla",
        "images": 58,
        "avg_wer": 23.552644673334324,
        "avg_cer": 6.657395406188142,
        "avg_accuracy": 94.38891326390166,
        "avg_time": 2.1399007583486624
    },
    "qwen-2.5-vl-72b": {
        "source": "GT4HistOCR/corpus/EarlyModernLatin/1564-Thucydides-Valla",
        "images": 58,
        "avg_wer": 43.356533313429864,
        "avg_cer": 7.251765932653142,
        "avg_accuracy": 92.99767501812111,
        "avg_time": 2.49991198243766
    },
    "claude-4-sonnet": {
        "source": "GT4HistOCR/corpus/EarlyModernLatin/1564-Thucydides-Valla",
        "images": 58,
        "avg_wer": 23.54885057471264,
        "avg_cer": 6.302971117155867,
        "avg_accuracy": 94.34656131400865,
        "avg_time": 4.372178439436288
    },
    "gemini-2.5-flash": {
        "source": "GT4HistOCR/corpus/EarlyModernLatin/1564-Thucydides-Valla",
        "images": 58,
        "avg_wer": 33.97148828183311,
        "avg_cer": 9.51109480952774,
        "avg_accuracy": 90.84362854741678,
        "avg_time": 5.5190565051703615
    },
    "claude-4-opus": {
        "source": "GT4HistOCR/corpus/EarlyModernLatin/1564-Thucydides-Valla",
        "images": 58,
        "avg_wer": 19.89743494053839,
        "avg_cer": 4.551116298126804,
        "avg_accuracy": 95.48109623879336,
        "avg_time": 4.883004093992299
    },
    "o4-mini": {
        "source": "GT4HistOCR/corpus/EarlyModernLatin/1564-Thucydides-Valla",
        "images": 58,
        "avg_wer": 31.565905359008806,
        "avg_cer": 7.896694591266165,
        "avg_accuracy": 93.3553619519647,
        "avg_time": 17.533803985036652
    },
    "gemini-2.5-pro": {
        "source": "GT4HistOCR/corpus/EarlyModernLatin/1564-Thucydides-Valla",
        "images": 58,
        "avg_wer": 33.67343384584764,
        "avg_cer": 11.321243603332109,
        "avg_accuracy": 92.15736167941729,
        "avg_time": 33.30566581775402
    },
    "horizon-beta": {
        "source": "GT4HistOCR/corpus/EarlyModernLatin/1564-Thucydides-Valla",
        "images": 58,
        "avg_wer": 29.4925859581032,
        "avg_cer": 6.598928319651957,
        "avg_accuracy": 93.98025187269741,
        "avg_time": 2.4449175596237183
    }
}