{
    "mistral-small": {
        "gt": "ſus mit der red. vnd ſpꝛach ʒu im Symon wes",
        "response": "ſo mit ſer red. vnd ſprach zu im Symon weſ",
        "wer": 50.0,
        "cer": 13.953488372093023,
        "accuracy": 86.04651162790698,
        "time": 1.806544303894043
    },
    "qwen-2.5-vl-72b": {
        "gt": "ſus mit der red. vnd ſpꝛach ʒu im Symon wes",
        "response": "Ius mit der red.vnd ſprach zu im Symon wes",
        "wer": 50.0,
        "cer": 9.30232558139535,
        "accuracy": 90.69767441860465,
        "time": 2.3752171993255615
    },
    "spotlight": {
        "gt": "ſus mit der red. vnd ſpꝛach ʒu im Symon wes",
        "response": "ſus mit der red. und sprach zu im Symon wes",
        "wer": 30.0,
        "cer": 9.30232558139535,
        "accuracy": 90.69767441860465,
        "time": 2.3824009895324707
    },
    "gpt-4.1": {
        "gt": "ſus mit der red. vnd ſpꝛach ʒu im Symon wes",
        "response": "ſus mit der red. vnd ſprach zu im. Symon wes",
        "wer": 30.0,
        "cer": 6.976744186046512,
        "accuracy": 93.18181818181817,
        "time": 2.6466801166534424
    },
    "gpt-4o": {
        "gt": "ſus mit der red. vnd ſpꝛach ʒu im Symon wes",
        "response": "ſus mit der red. vnd ſprach zu im. Symon weſ",
        "wer": 40.0,
        "cer": 9.30232558139535,
        "accuracy": 90.9090909090909,
        "time": 3.2299869060516357
    },
    "claude-4-sonnet": {
        "gt": "ſus mit der red. vnd ſpꝛach ʒu im Symon wes",
        "response": "ſus mit der red.vnd ſprach zu im Symon weg",
        "wer": 50.0,
        "cer": 9.30232558139535,
        "accuracy": 90.69767441860465,
        "time": 4.3171820640563965
    },
    "claude-4-opus": {
        "gt": "ſus mit der red. vnd ſpꝛach ʒu im Symon wes",
        "response": "ſus mit der red vnd ſprach zu im Symon wes",
        "wer": 30.0,
        "cer": 6.976744186046512,
        "accuracy": 93.02325581395348,
        "time": 4.626393795013428
    },
    "llama-4-maverick-17b": {
        "gt": "ſus mit der red. vnd ſpꝛach ʒu im Symon wes",
        "response": "ſus mit der red. vnd ſprach zu im. Symon wes",
        "wer": 30.0,
        "cer": 6.976744186046512,
        "accuracy": 93.18181818181817,
        "time": 10.992836713790894
    }
}