{
    "spotlight": {
        "gt": "nen. vnd das er ſein keuſcheyt möcht behütẽ.",
        "response": "nen. und das er sein Keuscheyt mocht behüte.",
        "wer": 62.5,
        "cer": 13.636363636363635,
        "accuracy": 86.36363636363636,
        "time": 1.5423171520233154
    },
    "mistral-small": {
        "gt": "nen. vnd das er ſein keuſcheyt möcht behütẽ.",
        "response": "nen.vnd ſas er fein Peuſcheyt möcht behüte.",
        "wer": 75.0,
        "cer": 11.363636363636363,
        "accuracy": 88.63636363636364,
        "time": 1.830474853515625
    },
    "gpt-4o": {
        "gt": "nen. vnd das er ſein keuſcheyt möcht behütẽ.",
        "response": "nen. vnd das er ſein Keuſcheyt möcht Behüte.",
        "wer": 25.0,
        "cer": 6.8181818181818175,
        "accuracy": 93.18181818181817,
        "time": 1.9703917503356934
    },
    "qwen-2.5-vl-72b": {
        "gt": "nen. vnd das er ſein keuſcheyt möcht behütẽ.",
        "response": "nen.vnd Das er ſein Keuſcheyt mocht behüte.",
        "wer": 75.0,
        "cer": 11.363636363636363,
        "accuracy": 88.63636363636364,
        "time": 3.0269458293914795
    },
    "gpt-4.1": {
        "gt": "nen. vnd das er ſein keuſcheyt möcht behütẽ.",
        "response": "nen. vnd das er ſein Keuſcheyt möcht Behüte.",
        "wer": 25.0,
        "cer": 6.8181818181818175,
        "accuracy": 93.18181818181817,
        "time": 3.3133139610290527
    },
    "claude-4-opus": {
        "gt": "nen. vnd das er ſein keuſcheyt möcht behütẽ.",
        "response": "nen, vnd das er ſein keuſcheyt moͤcht behuͤten.",
        "wer": 37.5,
        "cer": 15.909090909090908,
        "accuracy": 85.1063829787234,
        "time": 3.683879852294922
    },
    "claude-4-sonnet": {
        "gt": "nen. vnd das er ſein keuſcheyt möcht behütẽ.",
        "response": "nen.vnd das er ſein keuſcheyt möcht behüte.",
        "wer": 37.5,
        "cer": 4.545454545454546,
        "accuracy": 95.45454545454545,
        "time": 3.7842140197753906
    },
    "llama-4-maverick-17b": {
        "gt": "nen. vnd das er ſein keuſcheyt möcht behütẽ.",
        "response": "nen.vnd Das er fein Feufcheyt mächt Behütē.",
        "wer": 87.5,
        "cer": 18.181818181818183,
        "accuracy": 81.81818181818183,
        "time": 10.729961156845093
    }
}