{
    "llama-4-maverick-17b": {
        "gt": "ſihte. Da ſpꝛach der heylig geyſt ʒu im. Nym",
        "response": "libte. Daſprach der heylig geyſt zu im. Jn ym",
        "wer": 66.66666666666666,
        "cer": 18.181818181818183,
        "accuracy": 84.44444444444444,
        "time": 1.2782511711120605
    },
    "spotlight": {
        "gt": "ſihte. Da ſpꝛach der heylig geyſt ʒu im. Nym",
        "response": "sihte. Da sprach der Heylig geyst zu im. Vlym",
        "wer": 66.66666666666666,
        "cer": 18.181818181818183,
        "accuracy": 82.22222222222221,
        "time": 1.4436969757080078
    },
    "gpt-4o": {
        "gt": "ſihte. Da ſpꝛach der heylig geyſt ʒu im. Nym",
        "response": "ſichte. Da ſprach der ſeylig geſt zu im. Nym",
        "wer": 55.55555555555556,
        "cer": 11.363636363636363,
        "accuracy": 90.9090909090909,
        "time": 2.0693130493164062
    },
    "gpt-4.1": {
        "gt": "ſihte. Da ſpꝛach der heylig geyſt ʒu im. Nym",
        "response": "ſihte. Da ſprach der heylig geyſt zu im. VVm",
        "wer": 33.33333333333333,
        "cer": 9.090909090909092,
        "accuracy": 90.9090909090909,
        "time": 2.1442081928253174
    },
    "claude-4-sonnet": {
        "gt": "ſihte. Da ſpꝛach der heylig geyſt ʒu im. Nym",
        "response": "ſihe. Da ſprach der heylig geyſt zu im. I Tym",
        "wer": 55.55555555555556,
        "cer": 13.636363636363635,
        "accuracy": 88.88888888888889,
        "time": 3.432868003845215
    },
    "claude-4-opus": {
        "gt": "ſihte. Da ſpꝛach der heylig geyſt ʒu im. Nym",
        "response": "ſichte. Da ſprach der heylig geyſt zu im. Nym",
        "wer": 33.33333333333333,
        "cer": 6.8181818181818175,
        "accuracy": 93.33333333333333,
        "time": 6.62028694152832
    },
    "qwen-2.5-vl-72b": {
        "gt": "ſihte. Da ſpꝛach der heylig geyſt ʒu im. Nym",
        "response": "ſihte.Daſprach der Heyliggeiſt zu im.Vlym",
        "wer": 88.88888888888889,
        "cer": 20.454545454545457,
        "accuracy": 79.54545454545455,
        "time": 5.297379970550537
    },
    "mistral-small": {
        "gt": "ſihte. Da ſpꝛach der heylig geyſt ʒu im. Nym",
        "response": "ſihtē. Daſ ſprach ſer heylig geyſt zu im. Vlym",
        "wer": 66.66666666666666,
        "cer": 15.909090909090908,
        "accuracy": 84.78260869565217,
        "time": 1.4739210605621338
    }
}