{
    "spotlight": {
        "gt": "er thun ſolt dʒ er got wol geuiel. da ſpꝛach er.",
        "response": "er thun solt ſt er got wuol geuiel. Da sprach er.",
        "wer": 45.45454545454545,
        "cer": 14.583333333333334,
        "accuracy": 85.71428571428571,
        "time": 1.4353001117706299
    },
    "gpt-4o": {
        "gt": "er thun ſolt dʒ er got wol geuiel. da ſpꝛach er.",
        "response": "x̄ thu ſolt ꝓ er got wol geuiel. Da ſprach er.",
        "wer": 45.45454545454545,
        "cer": 14.583333333333334,
        "accuracy": 85.41666666666666,
        "time": 3.2944281101226807
    },
    "gpt-4.1": {
        "gt": "er thun ſolt dʒ er got wol geuiel. da ſpꝛach er.",
        "response": "er thun ſolt Iż er got wol geviel. Da ſprach er.",
        "wer": 36.36363636363637,
        "cer": 10.416666666666668,
        "accuracy": 89.58333333333334,
        "time": 1.9124889373779297
    },
    "llama-4-maverick-17b": {
        "gt": "er thun ſolt dʒ er got wol geuiel. da ſpꝛach er.",
        "response": "er thun folt Dz er got wol geuiel.Da fpzach er.",
        "wer": 45.45454545454545,
        "cer": 14.583333333333334,
        "accuracy": 85.41666666666666,
        "time": 0.96238112449646
    },
    "claude-4-opus": {
        "gt": "er thun ſolt dʒ er got wol geuiel. da ſpꝛach er.",
        "response": "r thun ſolt. Vz er got wol geuiel. Ya ſprach er.",
        "wer": 45.45454545454545,
        "cer": 12.5,
        "accuracy": 89.58333333333334,
        "time": 3.4542388916015625
    },
    "claude-4-sonnet": {
        "gt": "er thun ſolt dʒ er got wol geuiel. da ſpꝛach er.",
        "response": "er thun ſolt Jz er got wol geviel. Ja ſprach er.",
        "wer": 36.36363636363637,
        "cer": 10.416666666666668,
        "accuracy": 89.58333333333334,
        "time": 3.2988688945770264
    },
    "mistral-small": {
        "gt": "er thun ſolt dʒ er got wol geuiel. da ſpꝛach er.",
        "response": "Er thun ſolt ſer got wol geniel. ſa ſprach er.",
        "wer": 54.54545454545454,
        "cer": 14.583333333333334,
        "accuracy": 85.41666666666666,
        "time": 1.3048210144042969
    },
    "qwen-2.5-vl-72b": {
        "gt": "er thun ſolt dʒ er got wol geuiel. da ſpꝛach er.",
        "response": "er thun ſolt Izer got wool geuiel.Da ſprach er.",
        "wer": 54.54545454545454,
        "cer": 14.583333333333334,
        "accuracy": 87.5,
        "time": 1.817594289779663
    }
}