{
    "mistral-small": {
        "gt": "ten wonen. ſo werden ſie auch verkeret. Aber",
        "response": "ten wonen. ſo werden ſie auch verferet. Aber",
        "wer": 12.5,
        "cer": 2.272727272727273,
        "accuracy": 97.72727272727273,
        "time": 1.544713020324707
    },
    "qwen-2.5-vl-72b": {
        "gt": "ten wonen. ſo werden ſie auch verkeret. Aber",
        "response": "ten wonen.So werden fie auch verferet.Aber",
        "wer": 62.5,
        "cer": 11.363636363636363,
        "accuracy": 88.63636363636364,
        "time": 1.5729479789733887
    },
    "spotlight": {
        "gt": "ten wonen. ſo werden ſie auch verkeret. Aber",
        "response": "ten wönen. So werden sie auch verferet. Aber",
        "wer": 50.0,
        "cer": 9.090909090909092,
        "accuracy": 90.9090909090909,
        "time": 1.6511759757995605
    },
    "gpt-4.1": {
        "gt": "ten wonen. ſo werden ſie auch verkeret. Aber",
        "response": "ten wonen. ſo werden ſie auch verſeret. Aber",
        "wer": 12.5,
        "cer": 2.272727272727273,
        "accuracy": 97.72727272727273,
        "time": 1.8721530437469482
    },
    "gpt-4o": {
        "gt": "ten wonen. ſo werden ſie auch verkeret. Aber",
        "response": "ten wonen. ſo werden ſie auch verſeret. Uber",
        "wer": 25.0,
        "cer": 4.545454545454546,
        "accuracy": 95.45454545454545,
        "time": 1.8845477104187012
    },
    "claude-4-opus": {
        "gt": "ten wonen. ſo werden ſie auch verkeret. Aber",
        "response": "ten wonen, ſo werden ſie auch verkeret. Aber",
        "wer": 12.5,
        "cer": 2.272727272727273,
        "accuracy": 97.72727272727273,
        "time": 4.41356897354126
    },
    "claude-4-sonnet": {
        "gt": "ten wonen. ſo werden ſie auch verkeret. Aber",
        "response": "ten wonen/ſo werden ſie auch verſeret. Aber",
        "wer": 37.5,
        "cer": 6.8181818181818175,
        "accuracy": 93.18181818181817,
        "time": 5.2357189655303955
    },
    "llama-4-maverick-17b": {
        "gt": "ten wonen. ſo werden ſie auch verkeret. Aber",
        "response": "ten monen.ſo werdenſie auch verſeret. Aber",
        "wer": 62.5,
        "cer": 9.090909090909092,
        "accuracy": 90.9090909090909,
        "time": 11.782127857208252
    }
}