{
    "qwen-2.5-vl-72b": {
        "gt": "hen. vnd da ſie dy ſpinnẽweb da voꝛ ſahen. da",
        "response": "hen.vnd das sie Sy spinnēweb la vor fahen.Da",
        "wer": 100.0,
        "cer": 24.444444444444443,
        "accuracy": 77.77777777777779,
        "time": 2.0609750747680664
    },
    "mistral-small": {
        "gt": "hen. vnd da ſie dy ſpinnẽweb da voꝛ ſahen. da",
        "response": "Ben. vnd ſaſſie ſy ſpinnēwech ſa voſ ſahen.",
        "wer": 80.0,
        "cer": 26.666666666666668,
        "accuracy": 75.55555555555556,
        "time": 2.0943360328674316
    },
    "gpt-4o": {
        "gt": "hen. vnd da ſie dy ſpinnẽweb da voꝛ ſahen. da",
        "response": "Den. vnᵭ Daſſie So ſpinner erbs La vor. ſahen. Sa",
        "wer": 90.0,
        "cer": 33.33333333333333,
        "accuracy": 69.38775510204081,
        "time": 2.360705852508545
    },
    "gpt-4.1": {
        "gt": "hen. vnd da ſie dy ſpinnẽweb da voꝛ ſahen. da",
        "response": "hen. vnd das ſie dy ſpinnēweb da vor ſahen. da",
        "wer": 30.0,
        "cer": 6.666666666666667,
        "accuracy": 93.47826086956522,
        "time": 2.511168956756592
    },
    "spotlight": {
        "gt": "hen. vnd da ſie dy ſpinnẽweb da voꝛ ſahen. da",
        "response": "Hen. und das sie ihr spinnëweb la vor sahen. da",
        "wer": 90.0,
        "cer": 26.666666666666668,
        "accuracy": 74.46808510638297,
        "time": 3.6948182582855225
    },
    "claude-4-sonnet": {
        "gt": "hen. vnd da ſie dy ſpinnẽweb da voꝛ ſahen. da",
        "response": "Hen vnd da ſie dy ſpinnereb da vor ſahen. da",
        "wer": 30.0,
        "cer": 11.11111111111111,
        "accuracy": 88.88888888888889,
        "time": 3.8424160480499268
    },
    "claude-4-opus": {
        "gt": "hen. vnd da ſie dy ſpinnẽweb da voꝛ ſahen. da",
        "response": "ſehen.vnd da ſie Ihn ſpinneweb da vor ſahen.da",
        "wer": 70.0,
        "cer": 20.0,
        "accuracy": 84.78260869565217,
        "time": 6.484057903289795
    },
    "llama-4-maverick-17b": {
        "gt": "hen. vnd da ſie dy ſpinnẽweb da voꝛ ſahen. da",
        "response": "Gen.vnd Da ſie Dy ſpinnērech Da voz ſahen. Da",
        "wer": 80.0,
        "cer": 24.444444444444443,
        "accuracy": 77.77777777777779,
        "time": 10.610194206237793
    }
}