{
    "qwen-2.5-vl-72b": {
        "gt": "den edlen \u017fchat\u0292 offenwaren der welt \u0292u ein\u1ebd",
        "response": "Den edlen Schatz offenwaren der welt zu eine",
        "wer": 50.0,
        "cer": 11.363636363636363,
        "accuracy": 88.63636363636364,
        "time": 1.8627429008483887
    },
    "spotlight": {
        "gt": "den edlen \u017fchat\u0292 offenwaren der welt \u0292u ein\u1ebd",
        "response": "Den edlen \u017fcharzoffenwaren der we\u017ft zu eine",
        "wer": 75.0,
        "cer": 15.909090909090908,
        "accuracy": 84.0909090909091,
        "time": 1.8890109062194824
    },
    "mistral-small": {
        "gt": "den edlen \u017fchat\u0292 offenwaren der welt \u0292u ein\u1ebd",
        "response": "Den edlen \u017fchatz offenwaren Der welt zu einer",
        "wer": 62.5,
        "cer": 13.636363636363635,
        "accuracy": 86.66666666666667,
        "time": 1.8941729068756104
    },
    "gpt-4.1": {
        "gt": "den edlen \u017fchat\u0292 offenwaren der welt \u0292u ein\u1ebd",
        "response": "Den edlen \u017fchatz offemwaren der welt zu eine\u00f1",
        "wer": 62.5,
        "cer": 13.636363636363635,
        "accuracy": 86.66666666666667,
        "time": 2.278900146484375
    },
    "gpt-4o": {
        "gt": "den edlen \u017fchat\u0292 offenwaren der welt \u0292u ein\u1ebd",
        "response": "Den edlen \u017fchwarz offinwaren der welt zu eine\u2e17",
        "wer": 62.5,
        "cer": 18.181818181818183,
        "accuracy": 82.6086956521739,
        "time": 2.346892833709717
    },
    "claude-4-sonnet": {
        "gt": "den edlen \u017fchat\u0292 offenwaren der welt \u0292u ein\u1ebd",
        "response": "Den edlen \u017fchatz offenwaren Der welt zu ein\u1ebd",
        "wer": 50.0,
        "cer": 9.090909090909092,
        "accuracy": 90.9090909090909,
        "time": 3.909615993499756
    },
    "claude-4-opus": {
        "gt": "den edlen \u017fchat\u0292 offenwaren der welt \u0292u ein\u1ebd",
        "response": "den edlen \u017fchatz offenwaren der welt zu ein\u1ebd",
        "wer": 25.0,
        "cer": 4.545454545454546,
        "accuracy": 95.45454545454545,
        "time": 4.375741958618164
    },
    "llama-4-maverick-17b": {
        "gt": "den edlen \u017fchat\u0292 offenwaren der welt \u0292u ein\u1ebd",
        "response": "Den edlen fcharz offenwaren der wolt zu eine",
        "wer": 62.5,
        "cer": 15.909090909090908,
        "accuracy": 84.0909090909091,
        "time": 10.628501176834106
    },
    "gpt-5-mini": {
        "gt": "den edlen \u017fchat\u0292 offenwaren der welt \u0292u ein\u1ebd",
        "response": "Den edlen \u017fcharz offenbaren der welt zu ein\u1ebd",
        "wer": 50.0,
        "cer": 11.363636363636363,
        "accuracy": 88.63636363636364,
        "time": 31.02036142349243
    },
    "gpt-5": {
        "gt": "den edlen \u017fchat\u0292 offenwaren der welt \u0292u ein\u1ebd",
        "response": "Den edlen \u017fchatz offenbaren Der welt zu eine\u0304",
        "wer": 75.0,
        "cer": 15.909090909090908,
        "accuracy": 84.44444444444444,
        "time": 64.38871097564697
    },
    "glm-4.5v": {
        "gt": "den edlen \u017fchat\u0292 offenwaren der welt \u0292u ein\u1ebd",
        "response": "Den edlen \u017fcharzoffenwaren der welt zu eine",
        "wer": 62.5,
        "cer": 13.636363636363635,
        "accuracy": 86.36363636363636,
        "time": 4.219031095504761
    },
    "gemini-2.5-flash": {
        "gt": "den edlen \u017fchat\u0292 offenwaren der welt \u0292u ein\u1ebd",
        "response": "Sen edlen \u017fchatz offenwaren Der welt zu einer",
        "wer": 62.5,
        "cer": 13.636363636363635,
        "accuracy": 86.66666666666667,
        "time": 5.462435960769653
    },
    "mistral-medium-3.1": {
        "gt": "den edlen \u017fchat\u0292 offenwaren der welt \u0292u ein\u1ebd",
        "response": "Den edlen \u017fchatz offenbaren der welt zu ein\u00e9",
        "wer": 62.5,
        "cer": 11.363636363636363,
        "accuracy": 88.63636363636364,
        "time": 1.3050510883331299
    },
    "ernie-4.5-vl-28b-a3b": {
        "gt": "den edlen \u017fchat\u0292 offenwaren der welt \u0292u ein\u1ebd",
        "response": "Den edlen Sch\u00e4rz offenwaren Der welt zu ein\u0113",
        "wer": 62.5,
        "cer": 18.181818181818183,
        "accuracy": 81.81818181818183,
        "time": 2.61590313911438
    },
    "cogito-v2-109b": {
        "gt": "den edlen \u017fchat\u0292 offenwaren der welt \u0292u ein\u1ebd",
        "response": "Den edlen fcharzoffenwarren der welt zu eine",
        "wer": 62.5,
        "cer": 18.181818181818183,
        "accuracy": 84.0909090909091,
        "time": 1.5967307090759277
    }
}