{
    "mistral-small": {
        "gt": "\u017foltu mit vnreyn hey\u017f\u017fen. Das ge\u017fiht \u017fah er \u0292u",
        "response": "\u017foltu nit vnreyn heys\u017fen. Das gefiht \u017fah er zu",
        "wer": 44.44444444444444,
        "cer": 8.695652173913043,
        "accuracy": 91.30434782608695,
        "time": 1.4342248439788818
    },
    "spotlight": {
        "gt": "\u017foltu mit vnreyn hey\u017f\u017fen. Das ge\u017fiht \u017fah er \u0292u",
        "response": "Soltu nit vnreyn heyffen. Das gesiht saher zu",
        "wer": 77.77777777777779,
        "cer": 17.391304347826086,
        "accuracy": 82.6086956521739,
        "time": 1.8218989372253418
    },
    "gpt-4.1": {
        "gt": "\u017foltu mit vnreyn hey\u017f\u017fen. Das ge\u017fiht \u017fah er \u0292u",
        "response": "So\u017ftu mit vnreyn hey\u017f\u017fen. Das ge\u017ficht \u017fah er zu",
        "wer": 33.33333333333333,
        "cer": 8.695652173913043,
        "accuracy": 91.48936170212765,
        "time": 2.0103201866149902
    },
    "gpt-4o": {
        "gt": "\u017foltu mit vnreyn hey\u017f\u017fen. Das ge\u017fiht \u017fah er \u0292u",
        "response": "[E\u017ftu nit vnreyn heys\u017fen. Das gefiht \u017fah er zu]",
        "wer": 55.55555555555556,
        "cer": 17.391304347826086,
        "accuracy": 85.1063829787234,
        "time": 2.5643351078033447
    },
    "claude-4-sonnet": {
        "gt": "\u017foltu mit vnreyn hey\u017f\u017fen. Das ge\u017fiht \u017fah er \u0292u",
        "response": "\u017foltu nit vnreyn hey\u017f\u017fen. Das ge\u017fiht \u017fah er zu",
        "wer": 22.22222222222222,
        "cer": 4.3478260869565215,
        "accuracy": 95.65217391304348,
        "time": 4.187837839126587
    },
    "claude-4-opus": {
        "gt": "\u017foltu mit vnreyn hey\u017f\u017fen. Das ge\u017fiht \u017fah er \u0292u",
        "response": "\u017foltu nit vnreyn hey\u017f\u017fen. Das ge\u017felhe \u017fah er zu",
        "wer": 33.33333333333333,
        "cer": 10.869565217391305,
        "accuracy": 89.36170212765957,
        "time": 10.891057968139648
    },
    "llama-4-maverick-17b": {
        "gt": "\u017foltu mit vnreyn hey\u017f\u017fen. Das ge\u017fiht \u017fah er \u0292u",
        "response": "\u017fol\u017ftu nit vnreyn heyl\u017ften. Das gefiht \u017fah er zu",
        "wer": 55.55555555555556,
        "cer": 13.043478260869565,
        "accuracy": 87.5,
        "time": 11.52174997329712
    },
    "qwen-2.5-vl-72b": {
        "gt": "\u017foltu mit vnreyn hey\u017f\u017fen. Das ge\u017fiht \u017fah er \u0292u",
        "response": "Soltu nit vnreyn heyp\u017fen. Das ge\u017ficht \u017fah er zu",
        "wer": 55.55555555555556,
        "cer": 10.869565217391305,
        "accuracy": 89.36170212765957,
        "time": 13.147938013076782
    },
    "gpt-5-mini": {
        "gt": "\u017foltu mit vnreyn hey\u017f\u017fen. Das ge\u017fiht \u017fah er \u0292u",
        "response": "Solltu nit onreyn hey\u017f\u017fen. Das ge\u017ficht sah er zu",
        "wer": 66.66666666666666,
        "cer": 15.217391304347828,
        "accuracy": 85.41666666666666,
        "time": 16.799538135528564
    },
    "gpt-5": {
        "gt": "\u017foltu mit vnreyn hey\u017f\u017fen. Das ge\u017fiht \u017fah er \u0292u",
        "response": "Soltu mit vnreyn hey\u017f\u017fen. Das ge\u017fiht \u017fah er z\u016f",
        "wer": 22.22222222222222,
        "cer": 6.521739130434782,
        "accuracy": 93.47826086956522,
        "time": 44.89335298538208
    },
    "glm-4.5v": {
        "gt": "\u017foltu mit vnreyn hey\u017f\u017fen. Das ge\u017fiht \u017fah er \u0292u",
        "response": "foltu mit vnreyn be\u017f\u017fen. Das ge\u017fiht fa\u017fer zu",
        "wer": 55.55555555555556,
        "cer": 15.217391304347828,
        "accuracy": 84.78260869565217,
        "time": 9.669206142425537
    },
    "gemini-2.5-flash": {
        "gt": "\u017foltu mit vnreyn hey\u017f\u017fen. Das ge\u017fiht \u017fah er \u0292u",
        "response": "\u017foltu nit vmreyn Hey\u017f\u017fen. Das ge\u017fiht \u017fah er zu",
        "wer": 44.44444444444444,
        "cer": 8.695652173913043,
        "accuracy": 91.30434782608695,
        "time": 5.548147916793823
    },
    "mistral-medium-3.1": {
        "gt": "\u017foltu mit vnreyn hey\u017f\u017fen. Das ge\u017fiht \u017fah er \u0292u",
        "response": "\u017foltu nit vnreyn hey\u017f\u017fen. Da\u017f ge\u017fiht \u017fah er zu",
        "wer": 33.33333333333333,
        "cer": 6.521739130434782,
        "accuracy": 93.47826086956522,
        "time": 1.484105110168457
    },
    "ernie-4.5-vl-28b-a3b": {
        "gt": "\u017foltu mit vnreyn hey\u017f\u017fen. Das ge\u017fiht \u017fah er \u0292u",
        "response": "\u6eb6ttu nit vnreyn \u0127ey\u00dfen. Das gesi\u0127t \u1233\u122c zu",
        "wer": 77.77777777777779,
        "cer": 34.78260869565217,
        "accuracy": 65.21739130434783,
        "time": 2.910291910171509
    },
    "cogito-v2-109b": {
        "gt": "\u017foltu mit vnreyn hey\u017f\u017fen. Das ge\u017fiht \u017fah er \u0292u",
        "response": "[f]oltu nit vnmreyn [f]eyf[\u017f]ten. Das gefiht [\u017f]ah er zu",
        "wer": 77.77777777777779,
        "cer": 34.78260869565217,
        "accuracy": 71.42857142857143,
        "time": 2.604426145553589
    },
    "qwen3-vl-235b-instruct": {
        "gt": "\u017foltu mit vnreyn hey\u017f\u017fen. Das ge\u017fiht \u017fah er \u0292u",
        "response": "\u017foltu nit vnreyn he\u00ffffen. Das ge\u017fiht \u017fah er zu",
        "wer": 33.33333333333333,
        "cer": 10.869565217391305,
        "accuracy": 89.13043478260869,
        "time": 4.718167066574097
    }
}