{
    "spotlight": {
        "gt": "mit du mich vberwindeſt. Da ſpꝛach er wʒ iſt",
        "response": "mit du mich überwindest. Dasprach er wziſt",
        "wer": 55.55555555555556,
        "cer": 15.909090909090908,
        "accuracy": 84.0909090909091,
        "time": 1.6566429138183594
    },
    "mistral-small": {
        "gt": "mit du mich vberwindeſt. Da ſpꝛach er wʒ iſt",
        "response": "mit Du mich überwindetſt. Da ſprach er waz iſt",
        "wer": 44.44444444444444,
        "cer": 13.636363636363635,
        "accuracy": 86.95652173913044,
        "time": 1.6991071701049805
    },
    "qwen-2.5-vl-72b": {
        "gt": "mit du mich vberwindeſt. Da ſpꝛach er wʒ iſt",
        "response": "mit Du mich vberwindeſt. Daſprach er wz iſt",
        "wer": 44.44444444444444,
        "cer": 9.090909090909092,
        "accuracy": 90.9090909090909,
        "time": 1.8126940727233887
    },
    "gpt-4.1": {
        "gt": "mit du mich vberwindeſt. Da ſpꝛach er wʒ iſt",
        "response": "mit ſu mich überwindest: Da ſprach er vß iſt",
        "wer": 44.44444444444444,
        "cer": 15.909090909090908,
        "accuracy": 84.0909090909091,
        "time": 1.9628219604492188
    },
    "gpt-4o": {
        "gt": "mit du mich vberwindeſt. Da ſpꝛach er wʒ iſt",
        "response": "nit du mich uberwindest: Daſprach er vnd iſt",
        "wer": 55.55555555555556,
        "cer": 20.454545454545457,
        "accuracy": 81.81818181818183,
        "time": 3.068776845932007
    },
    "claude-4-sonnet": {
        "gt": "mit du mich vberwindeſt. Da ſpꝛach er wʒ iſt",
        "response": "mir Ju mich yberwindeſt: Da ſprach er wz iſt",
        "wer": 55.55555555555556,
        "cer": 13.636363636363635,
        "accuracy": 86.36363636363636,
        "time": 3.443831205368042
    },
    "claude-4-opus": {
        "gt": "mit du mich vberwindeſt. Da ſpꝛach er wʒ iſt",
        "response": "mit dir mich vberwindeſt. Da ſprach er wz iſt",
        "wer": 33.33333333333333,
        "cer": 9.090909090909092,
        "accuracy": 91.11111111111111,
        "time": 5.413086891174316
    },
    "llama-4-maverick-17b": {
        "gt": "mit du mich vberwindeſt. Da ſpꝛach er wʒ iſt",
        "response": "mit Du mich oberwindelt. Daſprach er wz ift",
        "wer": 66.66666666666666,
        "cer": 15.909090909090908,
        "accuracy": 84.0909090909091,
        "time": 11.099864959716797
    }
}