{
    "spotlight": {
        "gt": "ſchach da er dẽnoch hertʒog was. Jn dẽ trat",
        "response": "Schach ſaer ſenoſch hertzog was. In ſe trat",
        "wer": 77.77777777777779,
        "cer": 23.25581395348837,
        "accuracy": 79.06976744186046,
        "time": 1.7961747646331787
    },
    "mistral-small": {
        "gt": "ſchach da er dẽnoch hertʒog was. Jn dẽ trat",
        "response": "ſchach ſa er ſénoch hertzog was. In dé trat",
        "wer": 55.55555555555556,
        "cer": 13.953488372093023,
        "accuracy": 86.04651162790698,
        "time": 1.91184401512146
    },
    "gpt-4o": {
        "gt": "ſchach da er dẽnoch hertʒog was. Jn dẽ trat",
        "response": "Schach Da er ſenoch hertſog was. In ſeinem",
        "wer": 77.77777777777779,
        "cer": 30.23255813953488,
        "accuracy": 69.76744186046511,
        "time": 2.154879331588745
    },
    "qwen-2.5-vl-72b": {
        "gt": "ſchach da er dẽnoch hertʒog was. Jn dẽ trat",
        "response": "Schach Daer ſenoch hertzog was. In ſetrat",
        "wer": 88.88888888888889,
        "cer": 23.25581395348837,
        "accuracy": 76.74418604651163,
        "time": 2.404660940170288
    },
    "gpt-4.1": {
        "gt": "ſchach da er dẽnoch hertʒog was. Jn dẽ trat",
        "response": "Schach Daer ſenoch hertzog was. In ſe̅ trat",
        "wer": 77.77777777777779,
        "cer": 23.25581395348837,
        "accuracy": 79.06976744186046,
        "time": 2.4496970176696777
    },
    "claude-4-sonnet": {
        "gt": "ſchach da er dẽnoch hertʒog was. Jn dẽ trat",
        "response": "ſchach da er Jenoch hertzog was. Jn de trat",
        "wer": 33.33333333333333,
        "cer": 9.30232558139535,
        "accuracy": 90.69767441860465,
        "time": 3.3816020488739014
    },
    "claude-4-opus": {
        "gt": "ſchach da er dẽnoch hertʒog was. Jn dẽ trat",
        "response": "ſchach da er denoch hertzog was. In dē trat",
        "wer": 44.44444444444444,
        "cer": 9.30232558139535,
        "accuracy": 90.69767441860465,
        "time": 4.942867279052734
    },
    "llama-4-maverick-17b": {
        "gt": "ſchach da er dẽnoch hertʒog was. Jn dẽ trat",
        "response": "Fchach Saer Senoch hert3og was. Jn dẽ trat",
        "wer": 55.55555555555556,
        "cer": 13.953488372093023,
        "accuracy": 86.04651162790698,
        "time": 11.370743751525879
    }
}