{
    "mistral-small": {
        "gt": "ſechſen. da erwacht der hertʒog vnd trachtet",
        "response": "fechſen. Da erwacht der Hertzog und trachtet",
        "wer": 57.14285714285714,
        "cer": 11.363636363636363,
        "accuracy": 88.63636363636364,
        "time": 1.5058860778808594
    },
    "qwen-2.5-vl-72b": {
        "gt": "ſechſen. da erwacht der hertʒog vnd trachtet",
        "response": "ſechſen.Da erwacht Der Hertzog vnd trachtet",
        "wer": 57.14285714285714,
        "cer": 11.363636363636363,
        "accuracy": 88.63636363636364,
        "time": 1.9650368690490723
    },
    "gpt-4.1": {
        "gt": "ſechſen. da erwacht der hertʒog vnd trachtet",
        "response": "ſechſen. Da erwachſt der Hertczog vnd trachtet",
        "wer": 42.857142857142854,
        "cer": 11.363636363636363,
        "accuracy": 89.13043478260869,
        "time": 2.060624122619629
    },
    "gpt-4o": {
        "gt": "ſechſen. da erwacht der hertʒog vnd trachtet",
        "response": "ſechſten. Da erwacht der Hertzog vnd trachtet",
        "wer": 42.857142857142854,
        "cer": 9.090909090909092,
        "accuracy": 91.11111111111111,
        "time": 2.1295971870422363
    },
    "claude-4-sonnet": {
        "gt": "ſechſen. da erwacht der hertʒog vnd trachtet",
        "response": "ſechſten. Ja erwacht der herzog vnd trachtet",
        "wer": 42.857142857142854,
        "cer": 9.090909090909092,
        "accuracy": 93.18181818181817,
        "time": 3.823451280593872
    },
    "spotlight": {
        "gt": "ſechſen. da erwacht der hertʒog vnd trachtet",
        "response": "Sechsen. Da erwacht der Hertzog und trachet",
        "wer": 71.42857142857143,
        "cer": 15.909090909090908,
        "accuracy": 84.0909090909091,
        "time": 3.8275959491729736
    },
    "claude-4-opus": {
        "gt": "ſechſen. da erwacht der hertʒog vnd trachtet",
        "response": "ſechſen. da erwacht der hertzog vnd trachtet",
        "wer": 14.285714285714285,
        "cer": 2.272727272727273,
        "accuracy": 97.72727272727273,
        "time": 4.244266033172607
    },
    "llama-4-maverick-17b": {
        "gt": "ſechſen. da erwacht der hertʒog vnd trachtet",
        "response": "Teuchſen. Da ermacht der Hertzog vnd trachtet",
        "wer": 57.14285714285714,
        "cer": 13.636363636363635,
        "accuracy": 86.66666666666667,
        "time": 10.314631938934326
    }
}