{
    "mistral-small": {
        "gt": "s. ut \u017fpargo \u017fpar\u017fi: mergo mer\u017fi. n\u00f5n\u0169\ua757\u1dd3 in x ut rego rexi: pingo pinxi.",
        "response": "s.ut \u017fpargo \u017fpar\u017fi:mergo mer\u017fi.non\u016dq in x ut rego rexi:pingo pinxi.",
        "wer": 57.14285714285714,
        "cer": 11.11111111111111,
        "accuracy": 88.88888888888889,
        "time": 1.732172966003418
    },
    "spotlight": {
        "gt": "s. ut \u017fpargo \u017fpar\u017fi: mergo mer\u017fi. n\u00f5n\u0169\ua757\u1dd3 in x ut rego rexi: pingo pinxi.",
        "response": "s.ut spargo sparsi:mergo merfi. n\u014dn\u016bq in x ut rego rexipingo pinxi.",
        "wer": 64.28571428571429,
        "cer": 16.666666666666664,
        "accuracy": 83.33333333333334,
        "time": 1.8900980949401855
    },
    "qwen-2.5-vl-72b": {
        "gt": "s. ut \u017fpargo \u017fpar\u017fi: mergo mer\u017fi. n\u00f5n\u0169\ua757\u1dd3 in x ut rego rexi: pingo pinxi.",
        "response": "s.ut \u017fpargo \u017fpar\u017fi:mergo mer\u017fi. n\u00f3n\u00faq in x ut rego rexi:pingo pinxi.",
        "wer": 50.0,
        "cer": 9.722222222222223,
        "accuracy": 90.27777777777779,
        "time": 2.2541568279266357
    },
    "gpt-4.1": {
        "gt": "s. ut \u017fpargo \u017fpar\u017fi: mergo mer\u017fi. n\u00f5n\u0169\ua757\u1dd3 in x ut rego rexi: pingo pinxi.",
        "response": "s. ut \u017fpargo \u017fpar\u017fi: mergo mer\u017fi. n\u014dn\u016bq\u0303 in x ut rego rexi: pingo pinxi.",
        "wer": 7.142857142857142,
        "cer": 5.555555555555555,
        "accuracy": 94.44444444444444,
        "time": 2.2705941200256348
    },
    "llama-4-maverick-17b": {
        "gt": "s. ut \u017fpargo \u017fpar\u017fi: mergo mer\u017fi. n\u00f5n\u0169\ua757\u1dd3 in x ut rego rexi: pingo pinxi.",
        "response": "s.ut \u017fpargo \u017fpar\u017fi:mergo mersi. n\u014dnui\u017fq in x ut rego rexi:pingo pinxi.",
        "wer": 57.14285714285714,
        "cer": 12.5,
        "accuracy": 88.88888888888889,
        "time": 2.265448808670044
    },
    "gpt-4o": {
        "gt": "s. ut \u017fpargo \u017fpar\u017fi: mergo mer\u017fi. n\u00f5n\u0169\ua757\u1dd3 in x ut rego rexi: pingo pinxi.",
        "response": "\u017f.ut \u017fpargo \u017fpar\u017fi:mergo mer\u017fi. n\u014d\u0169q\u0303 in x ut rego rexi:pingo pinxi.",
        "wer": 50.0,
        "cer": 11.11111111111111,
        "accuracy": 88.88888888888889,
        "time": 2.5082030296325684
    },
    "claude-4-sonnet": {
        "gt": "s. ut \u017fpargo \u017fpar\u017fi: mergo mer\u017fi. n\u00f5n\u0169\ua757\u1dd3 in x ut rego rexi: pingo pinxi.",
        "response": "s.ut \u017fpargo \u017fpar\u017fi: mergo mer\u017fi. non\u0169q in x ut rego rexi: pingo pinxi.",
        "wer": 21.428571428571427,
        "cer": 5.555555555555555,
        "accuracy": 94.44444444444444,
        "time": 5.318780899047852
    },
    "claude-4-opus": {
        "gt": "s. ut \u017fpargo \u017fpar\u017fi: mergo mer\u017fi. n\u00f5n\u0169\ua757\u1dd3 in x ut rego rexi: pingo pinxi.",
        "response": "s. ut \u017fpargo \u017fpar\u017fi: mergo mer\u017fi. n\u00f5n\u0169q\u0303 in x ut rego rexi: pingo pinxi.",
        "wer": 7.142857142857142,
        "cer": 2.7777777777777777,
        "accuracy": 97.22222222222221,
        "time": 7.140131950378418
    },
    "gemini-2.5-flash": {
        "gt": "s. ut \u017fpargo \u017fpar\u017fi: mergo mer\u017fi. n\u00f5n\u0169\ua757\u1dd3 in x ut rego rexi: pingo pinxi.",
        "response": "s.ut\u017fpargo \u017fpar\u017fumergo mer\u017fi. non\u0169q in x ut rego rexi:pingo pinxi.",
        "wer": 57.14285714285714,
        "cer": 12.5,
        "accuracy": 87.5,
        "time": 7.589627027511597
    },
    "o4-mini": {
        "gt": "s. ut \u017fpargo \u017fpar\u017fi: mergo mer\u017fi. n\u00f5n\u0169\ua757\u1dd3 in x ut rego rexi: pingo pinxi.",
        "response": "s.ut \u017fpargo \u017fpar\u017fi: mergo mer\u017fi. non\u0169q\u0303 in x ut rego rexi: pingo pinxi.",
        "wer": 21.428571428571427,
        "cer": 5.555555555555555,
        "accuracy": 94.44444444444444,
        "time": 14.616127014160156
    },
    "gemini-2.5-pro": {
        "gt": "s. ut \u017fpargo \u017fpar\u017fi: mergo mer\u017fi. n\u00f5n\u0169\ua757\u1dd3 in x ut rego rexi: pingo pinxi.",
        "response": "s. ut \u017fpargo \u017fpar\u017fi:mergo mer\u017fi. non\u00fcq\u021d in x ut rego rexi:pingo pinxi.",
        "wer": 35.714285714285715,
        "cer": 8.333333333333332,
        "accuracy": 91.66666666666666,
        "time": 43.87141513824463
    },
    "gpt-5-mini": {
        "gt": "s. ut \u017fpargo \u017fpar\u017fi: mergo mer\u017fi. n\u00f5n\u0169\ua757\u1dd3 in x ut rego rexi: pingo pinxi.",
        "response": "s.ut\u017fpargo \u017fparsi: mergo mersi. nonuq in x ut rego rexi: pingo pinxi.",
        "wer": 42.857142857142854,
        "cer": 11.11111111111111,
        "accuracy": 88.88888888888889,
        "time": 17.323462963104248
    },
    "gpt-5": {
        "gt": "s. ut \u017fpargo \u017fpar\u017fi: mergo mer\u017fi. n\u00f5n\u0169\ua757\u1dd3 in x ut rego rexi: pingo pinxi.",
        "response": "s.ut \u017fpargo \u017fpar\u017fi: mergo mer\u017fi. n\u014dn usq\u0303 in x ut rego rexi: pingo pinxi.",
        "wer": 28.57142857142857,
        "cer": 9.722222222222223,
        "accuracy": 91.78082191780823,
        "time": 35.25397086143494
    },
    "glm-4.5v": {
        "gt": "s. ut \u017fpargo \u017fpar\u017fi: mergo mer\u017fi. n\u00f5n\u0169\ua757\u1dd3 in x ut rego rexi: pingo pinxi.",
        "response": "s.ut \u017fpargo \u017fpar\u017fi:mergo mer\u017fi. n\u014dn\u016bq in x ut rego rexi:pingo pinxi.",
        "wer": 50.0,
        "cer": 9.722222222222223,
        "accuracy": 90.27777777777779,
        "time": 4.388396978378296
    },
    "mistral-medium-3.1": {
        "gt": "s. ut \u017fpargo \u017fpar\u017fi: mergo mer\u017fi. n\u00f5n\u0169\ua757\u1dd3 in x ut rego rexi: pingo pinxi.",
        "response": "\u017f: ut \u017fpargo \u017fpar\u017fi: mergo mer\u017fi. n\u014dn\u016bq\u0301 in x ut rego rexi: pingo pinxi.",
        "wer": 14.285714285714285,
        "cer": 8.333333333333332,
        "accuracy": 91.66666666666666,
        "time": 1.7024016380310059
    },
    "ernie-4.5-vl-28b-a3b": {
        "gt": "s. ut \u017fpargo \u017fpar\u017fi: mergo mer\u017fi. n\u00f5n\u0169\ua757\u1dd3 in x ut rego rexi: pingo pinxi.",
        "response": "s.ut spargo sparli:mergo merli. n\u014d\u00f1\u016bq in x ut rego rexi:pingo pinxi.",
        "wer": 64.28571428571429,
        "cer": 16.666666666666664,
        "accuracy": 83.33333333333334,
        "time": 2.704076051712036
    },
    "cogito-v2-109b": {
        "gt": "s. ut \u017fpargo \u017fpar\u017fi: mergo mer\u017fi. n\u00f5n\u0169\ua757\u1dd3 in x ut rego rexi: pingo pinxi.",
        "response": "s.ut \u017fpargo \u017fpar\u017fi:mergo mer\u017fi. n\u014dn\u016b\u012fq in x ut rego rexi:p\u0131ngo pinxi.",
        "wer": 50.0,
        "cer": 11.11111111111111,
        "accuracy": 88.88888888888889,
        "time": 2.9996490478515625
    },
    "qwen3-vl-235b-instruct": {
        "gt": "s. ut \u017fpargo \u017fpar\u017fi: mergo mer\u017fi. n\u00f5n\u0169\ua757\u1dd3 in x ut rego rexi: pingo pinxi.",
        "response": "s. ut \u017fpargo \u017fpar\u017fi: mergo mer\u017fi. n\u014dn\u016bq\u0303 in x ut rego rexi: pingo pinxi.",
        "wer": 7.142857142857142,
        "cer": 5.555555555555555,
        "accuracy": 94.44444444444444,
        "time": 2.2327277660369873
    }
}