{
    "llama-4-maverick-17b": {
        "gt": "& non per. b. dicere & \u017fcribere compellat. Vnde te\u017fte Pri\u017fciano in. viiii. b. ante s uel",
        "response": "&amp; non per.b.dicere &amp; i\u017fcribere compellit. Vnde re\u017fte Pri\u017fciano in.viin.b.ante s url",
        "wer": 76.47058823529412,
        "cer": 21.59090909090909,
        "accuracy": 85.71428571428571,
        "time": 1.3526160717010498
    },
    "spotlight": {
        "gt": "& non per. b. dicere & \u017fcribere compellat. Vnde te\u017fte Pri\u017fciano in. viiii. b. ante s uel",
        "response": "& non per.b.dicere & tenb\u0435\u0440\u0435 compellit. Vnde teste Prisciano in.viii.b.ante s ucl",
        "wer": 70.58823529411765,
        "cer": 19.318181818181817,
        "accuracy": 80.68181818181817,
        "time": 1.374222993850708
    },
    "qwen-2.5-vl-72b": {
        "gt": "& non per. b. dicere & \u017fcribere compellat. Vnde te\u017fte Pri\u017fciano in. viiii. b. ante s uel",
        "response": "& non per.b.dicere & fcribere compellit.Vnde te\u017fte Prifciano in.viii.b.ant:s ucl",
        "wer": 76.47058823529412,
        "cer": 14.772727272727273,
        "accuracy": 85.22727272727273,
        "time": 2.0358431339263916
    },
    "gpt-4o": {
        "gt": "& non per. b. dicere & \u017fcribere compellat. Vnde te\u017fte Pri\u017fciano in. viiii. b. ante s uel",
        "response": "& non per.b.dicere & \u017fcribere compellit. Vnde te\u017fte Pri\u017fciano in.viii.b.ante s uel",
        "wer": 47.05882352941176,
        "cer": 7.954545454545454,
        "accuracy": 92.04545454545455,
        "time": 2.226191282272339
    },
    "gpt-4.1": {
        "gt": "& non per. b. dicere & \u017fcribere compellat. Vnde te\u017fte Pri\u017fciano in. viiii. b. ante s uel",
        "response": "& non per. b. dicere & \u017fcribere compellit. Vnde te\u017fte Pri\u017fciano in. viii. b. ante s ucl",
        "wer": 17.647058823529413,
        "cer": 3.4090909090909087,
        "accuracy": 96.5909090909091,
        "time": 2.643364906311035
    },
    "mistral-small": {
        "gt": "& non per. b. dicere & \u017fcribere compellat. Vnde te\u017fte Pri\u017fciano in. viiii. b. ante s uel",
        "response": "& non per.b. dicere & \u017fcribere compelit. Vnde \u017fe\u017fte Prifciano in viii.b. ante \u017f u\u017f.",
        "wer": 58.82352941176471,
        "cer": 12.5,
        "accuracy": 87.5,
        "time": 3.0690419673919678
    },
    "claude-4-sonnet": {
        "gt": "& non per. b. dicere & \u017fcribere compellat. Vnde te\u017fte Pri\u017fciano in. viiii. b. ante s uel",
        "response": "& non per.b.dicere & \u017fcribere compellit.Vnde re\u017fte Pri\u017fciano in.viii.b.ante s vel",
        "wer": 64.70588235294117,
        "cer": 11.363636363636363,
        "accuracy": 88.63636363636364,
        "time": 4.350834846496582
    },
    "claude-4-opus": {
        "gt": "& non per. b. dicere & \u017fcribere compellat. Vnde te\u017fte Pri\u017fciano in. viiii. b. ante s uel",
        "response": "& non per. b. dicere & \u017fcribere compellit. Vnde te\u017fte Pri\u017fciano in. viiii. b. ante s uel",
        "wer": 5.88235294117647,
        "cer": 1.1363636363636365,
        "accuracy": 98.86363636363636,
        "time": 4.893679857254028
    },
    "gemini-2.5-flash": {
        "gt": "& non per. b. dicere & \u017fcribere compellat. Vnde te\u017fte Pri\u017fciano in. viiii. b. ante s uel",
        "response": "& non per.b. d\u00facere & \u017fcribere compellit. Vnde te\u017fte. Pri\u017fciano in.viii.b.anecs uel",
        "wer": 58.82352941176471,
        "cer": 11.363636363636363,
        "accuracy": 89.77272727272727,
        "time": 6.07224702835083
    },
    "o4-mini": {
        "gt": "& non per. b. dicere & \u017fcribere compellat. Vnde te\u017fte Pri\u017fciano in. viiii. b. ante s uel",
        "response": "& non per.b.dicere & \u017ftenbere compellat. Vnde te\u017fte Prisciano in.viii.b. ante\u2019s u\u017f",
        "wer": 64.70588235294117,
        "cer": 13.636363636363635,
        "accuracy": 86.36363636363636,
        "time": 31.15613579750061
    },
    "gemini-2.5-pro": {
        "gt": "& non per. b. dicere & \u017fcribere compellat. Vnde te\u017fte Pri\u017fciano in. viiii. b. ante s uel",
        "response": "& non per.b. dicere & \u017fcribere compellit. Vnde te\u017ft. Pri\u017fciano in .vi\u00efi.m.b. an\ua76bs uel",
        "wer": 52.94117647058824,
        "cer": 13.636363636363635,
        "accuracy": 88.63636363636364,
        "time": 42.557178258895874
    },
    "gpt-5-mini": {
        "gt": "& non per. b. dicere & \u017fcribere compellat. Vnde te\u017fte Pri\u017fciano in. viiii. b. ante s uel",
        "response": "& non per.b.dicere & \u017fcribere compellat. Vnde te\u017fte Pri\u017fciano in.viii.b.ante's uel",
        "wer": 47.05882352941176,
        "cer": 7.954545454545454,
        "accuracy": 92.04545454545455,
        "time": 22.187271118164062
    },
    "gpt-5": {
        "gt": "& non per. b. dicere & \u017fcribere compellat. Vnde te\u017fte Pri\u017fciano in. viiii. b. ante s uel",
        "response": "& non per.b.dicere & \u017fcribere compellit. Vnde te\u017fte Pri\u017fciano in.viii.b. ante s uel",
        "wer": 41.17647058823529,
        "cer": 6.8181818181818175,
        "accuracy": 93.18181818181817,
        "time": 63.00495100021362
    },
    "glm-4.5v": {
        "gt": "& non per. b. dicere & \u017fcribere compellat. Vnde te\u017fte Pri\u017fciano in. viiii. b. ante s uel",
        "response": "& non per.b.dicere & fcribere compellit. Vnde te\u017fte Prisciano in.viii.b.ant: \u017fucl",
        "wer": 70.58823529411765,
        "cer": 14.772727272727273,
        "accuracy": 85.22727272727273,
        "time": 8.634029865264893
    },
    "mistral-medium-3.1": {
        "gt": "& non per. b. dicere & \u017fcribere compellat. Vnde te\u017fte Pri\u017fciano in. viiii. b. ante s uel",
        "response": "& non per.b.dicere & \u017fcribere compellit. Vnde te\u017fte Pri\u017fciano in viii. b. ante\u017f uel",
        "wer": 47.05882352941176,
        "cer": 7.954545454545454,
        "accuracy": 92.04545454545455,
        "time": 1.7240450382232666
    },
    "ernie-4.5-vl-28b-a3b": {
        "gt": "& non per. b. dicere & \u017fcribere compellat. Vnde te\u017fte Pri\u017fciano in. viiii. b. ante s uel",
        "response": "& non per.b.dicere & tenbere compellat. Vnde tefte Prufiano in.viiij.antes ud",
        "wer": 70.58823529411765,
        "cer": 21.59090909090909,
        "accuracy": 78.4090909090909,
        "time": 2.4571101665496826
    },
    "cogito-v2-109b": {
        "gt": "& non per. b. dicere & \u017fcribere compellat. Vnde te\u017fte Pri\u017fciano in. viiii. b. ante s uel",
        "response": "& non per.b.dacere & Icrcibere compeltIt.Vnde tefte Prifciano in.viir.b.antc: s url",
        "wer": 76.47058823529412,
        "cer": 20.454545454545457,
        "accuracy": 81.81818181818183,
        "time": 1.7348718643188477
    }
}