{
    "llama-4-maverick-17b": {
        "gt": "DE Littera C.",
        "response": "DE Litera C.",
        "wer": 33.33333333333333,
        "cer": 7.6923076923076925,
        "accuracy": 92.3076923076923,
        "time": 1.1342639923095703
    },
    "mistral-small": {
        "gt": "DE Littera C.",
        "response": "DE Littera C.",
        "wer": 0.0,
        "cer": 0.0,
        "accuracy": 100.0,
        "time": 1.1973841190338135
    },
    "qwen-2.5-vl-72b": {
        "gt": "DE Littera C.",
        "response": "DE Littera C.",
        "wer": 0.0,
        "cer": 0.0,
        "accuracy": 100.0,
        "time": 1.256587028503418
    },
    "spotlight": {
        "gt": "DE Littera C.",
        "response": "DE Littera C.",
        "wer": 0.0,
        "cer": 0.0,
        "accuracy": 100.0,
        "time": 1.7880480289459229
    },
    "gpt-4o": {
        "gt": "DE Littera C.",
        "response": "DE Littera C.",
        "wer": 0.0,
        "cer": 0.0,
        "accuracy": 100.0,
        "time": 1.9269168376922607
    },
    "gpt-4.1": {
        "gt": "DE Littera C.",
        "response": "DE Littera C.",
        "wer": 0.0,
        "cer": 0.0,
        "accuracy": 100.0,
        "time": 1.9757890701293945
    },
    "gemini-2.5-flash": {
        "gt": "DE Littera C.",
        "response": "DE Littera C.",
        "wer": 0.0,
        "cer": 0.0,
        "accuracy": 100.0,
        "time": 2.5446388721466064
    },
    "claude-4-sonnet": {
        "gt": "DE Littera C.",
        "response": "DE Littera C.",
        "wer": 0.0,
        "cer": 0.0,
        "accuracy": 100.0,
        "time": 2.7184019088745117
    },
    "claude-4-opus": {
        "gt": "DE Littera C.",
        "response": "DE Littera C.",
        "wer": 0.0,
        "cer": 0.0,
        "accuracy": 100.0,
        "time": 3.408715009689331
    },
    "o4-mini": {
        "gt": "DE Littera C.",
        "response": "DE Littera G.",
        "wer": 33.33333333333333,
        "cer": 7.6923076923076925,
        "accuracy": 92.3076923076923,
        "time": 4.259609222412109
    },
    "gemini-2.5-pro": {
        "gt": "DE Littera C.",
        "response": "DE Littera C.",
        "wer": 0.0,
        "cer": 0.0,
        "accuracy": 100.0,
        "time": 5.240396976470947
    },
    "gpt-5-mini": {
        "gt": "DE Littera C.",
        "response": "DE Littera G.",
        "wer": 33.33333333333333,
        "cer": 7.6923076923076925,
        "accuracy": 92.3076923076923,
        "time": 5.142472267150879
    },
    "gpt-5": {
        "gt": "DE Littera C.",
        "response": "DE Littera C.",
        "wer": 0.0,
        "cer": 0.0,
        "accuracy": 100.0,
        "time": 9.353689193725586
    },
    "glm-4.5v": {
        "gt": "DE Littera C.",
        "response": "DE Littera C.",
        "wer": 0.0,
        "cer": 0.0,
        "accuracy": 100.0,
        "time": 3.3782799243927
    },
    "mistral-medium-3.1": {
        "gt": "DE Littera C.",
        "response": "DE Litt\u00e9ra C.",
        "wer": 33.33333333333333,
        "cer": 7.6923076923076925,
        "accuracy": 92.3076923076923,
        "time": 1.0031859874725342
    },
    "ernie-4.5-vl-28b-a3b": {
        "gt": "DE Littera C.",
        "response": "DE Littera C.",
        "wer": 0.0,
        "cer": 0.0,
        "accuracy": 100.0,
        "time": 2.227797031402588
    },
    "cogito-v2-109b": {
        "gt": "DE Littera C.",
        "response": "DE Littera C.",
        "wer": 0.0,
        "cer": 0.0,
        "accuracy": 100.0,
        "time": 1.0971670150756836
    }
}