{
    "mistral-small": {
        "gt": "\u017fon\u00e3s: quas ut diximus mutuari \u017folemus: quoti\u1ebds illorum no\u0129bus utimur. ne\u017fcio",
        "response": "\u017fon\u0101s:quas \u017fi dixi\u017f\u017fimus mutuari \u017folem\u017f:quoti\u0113s illorum noibi\u017f \u017fumur. ne\u017fcio",
        "wer": 72.72727272727273,
        "cer": 22.07792207792208,
        "accuracy": 83.11688311688312,
        "time": 1.4189848899841309
    },
    "llama-4-maverick-17b": {
        "gt": "\u017fon\u00e3s: quas ut diximus mutuari \u017folemus: quoti\u1ebds illorum no\u0129bus utimur. ne\u017fcio",
        "response": "\u017fon\u00e3s: quas ut diximus mutuari \u017folemus: quoni\u00e9s illorum noibus utimur. ne\u017fcio",
        "wer": 18.181818181818183,
        "cer": 3.896103896103896,
        "accuracy": 96.1038961038961,
        "time": 1.4382438659667969
    },
    "spotlight": {
        "gt": "\u017fon\u00e3s: quas ut diximus mutuari \u017folemus: quoti\u1ebds illorum no\u0129bus utimur. ne\u017fcio",
        "response": "fon\u0101s:quas ut diximus mutuari solemus:quoties illorum noibus utimur. nescio",
        "wer": 54.54545454545454,
        "cer": 10.38961038961039,
        "accuracy": 89.6103896103896,
        "time": 1.5578551292419434
    },
    "qwen-2.5-vl-72b": {
        "gt": "\u017fon\u00e3s: quas ut diximus mutuari \u017folemus: quoti\u1ebds illorum no\u0129bus utimur. ne\u017fcio",
        "response": "fonas:quas ut diximus mutuari \u017folemus:quoties illorum noibus utimur. nescio",
        "wer": 54.54545454545454,
        "cer": 9.090909090909092,
        "accuracy": 90.9090909090909,
        "time": 2.0013749599456787
    },
    "gpt-4o": {
        "gt": "\u017fon\u00e3s: quas ut diximus mutuari \u017folemus: quoti\u1ebds illorum no\u0129bus utimur. ne\u017fcio",
        "response": "\u017fonas: quas ut diximus mutuari \u017folemus: quotie\u017f illorum noibus utimur. ne\u017fcio.",
        "wer": 36.36363636363637,
        "cer": 6.493506493506493,
        "accuracy": 93.58974358974359,
        "time": 2.3041958808898926
    },
    "gpt-4.1": {
        "gt": "\u017fon\u00e3s: quas ut diximus mutuari \u017folemus: quoti\u1ebds illorum no\u0129bus utimur. ne\u017fcio",
        "response": "\u017fonas: quas ut diximus mutuari \u017folemus: quoti\u1ebds illorum no\u017fibus utimur. ne\u017fcio",
        "wer": 18.181818181818183,
        "cer": 3.896103896103896,
        "accuracy": 96.15384615384616,
        "time": 2.304123878479004
    },
    "claude-4-sonnet": {
        "gt": "\u017fon\u00e3s: quas ut diximus mutuari \u017folemus: quoti\u1ebds illorum no\u0129bus utimur. ne\u017fcio",
        "response": "\u017fonas: quas ut diximus mutuari \u017folemus: quoti\u0113s illorum noi\u017fibus utimur . ne\u017fcio",
        "wer": 45.45454545454545,
        "cer": 7.792207792207792,
        "accuracy": 92.5,
        "time": 4.163322687149048
    },
    "gemini-2.5-flash": {
        "gt": "\u017fon\u00e3s: quas ut diximus mutuari \u017folemus: quoti\u1ebds illorum no\u0129bus utimur. ne\u017fcio",
        "response": "\u017fon\u00e1s: quas ut diximus mutuam folemus:quoties illorum noibus utimur . ne\u017fcio",
        "wer": 63.63636363636363,
        "cer": 10.38961038961039,
        "accuracy": 90.9090909090909,
        "time": 4.992319822311401
    },
    "claude-4-opus": {
        "gt": "\u017fon\u00e3s: quas ut diximus mutuari \u017folemus: quoti\u1ebds illorum no\u0129bus utimur. ne\u017fcio",
        "response": "\u017fon\u00e1s: quas ut diximus mutuari \u017folemus: quot\u00ed\u00e9s illorum no\u0129bus utimur. ne\u017fcio",
        "wer": 18.181818181818183,
        "cer": 3.896103896103896,
        "accuracy": 96.1038961038961,
        "time": 5.0127480030059814
    },
    "o4-mini": {
        "gt": "\u017fon\u00e3s: quas ut diximus mutuari \u017folemus: quoti\u1ebds illorum no\u0129bus utimur. ne\u017fcio",
        "response": "\u017fonas: quas ut diximus mutuari solemus: quoties illorum noctibus utimur. ne\u017fcio",
        "wer": 36.36363636363637,
        "cer": 7.792207792207792,
        "accuracy": 92.40506329113924,
        "time": 30.478854179382324
    },
    "gemini-2.5-pro": {
        "gt": "\u017fon\u00e3s: quas ut diximus mutuari \u017folemus: quoti\u1ebds illorum no\u0129bus utimur. ne\u017fcio",
        "response": "\u017fon\u00e1s: quas ut diximus mutuari \u017folemus: quoties illorum noibus utimur, ne\u017fcio",
        "wer": 36.36363636363637,
        "cer": 5.194805194805195,
        "accuracy": 94.8051948051948,
        "time": 56.125778913497925
    },
    "gpt-5-mini": {
        "gt": "\u017fon\u00e3s: quas ut diximus mutuari \u017folemus: quoti\u1ebds illorum no\u0129bus utimur. ne\u017fcio",
        "response": "\u017fonas: quas ut diximus mutuari \u017folemus: quoties illorum notibus utimur. nescio",
        "wer": 36.36363636363637,
        "cer": 6.493506493506493,
        "accuracy": 93.58974358974359,
        "time": 25.195817947387695
    },
    "gpt-5": {
        "gt": "\u017fon\u00e3s: quas ut diximus mutuari \u017folemus: quoti\u1ebds illorum no\u0129bus utimur. ne\u017fcio",
        "response": "\u017fonas: quas ut diximus mutuari \u017folemus: quoti\u1ebds illorum noibus utimur . ne\u017fcio",
        "wer": 36.36363636363637,
        "cer": 3.896103896103896,
        "accuracy": 96.15384615384616,
        "time": 130.69882798194885
    }
}